ENS,TAZ
gz0,1.0
gz0,2.0
gz0,3.0
gz0,4.0
gz0,5.0
gz0,6.0
gz0,7.0
gz0,8.0
gz0,9.0
gz0,10.0
gz0,11.0
gz0,12.0
gz0,13.0
gz0,14.0
gz0,15.0
gz0,16.0
gz0,17.0
gz0,18.0
gz0,19.0
gz0,20.0
gz0,21.0
gz0,22.0
gz0,23.0
gz0,24.0
gz0,25.0
gz0,26.0
gz0,27.0
gz0,28.0
gz0,29.0
gz0,30.0
gz0,31.0
gz0,32.0
gz0,33.0
gz0,34.0
gz0,35.0
gz0,36.0
gz0,37.0
gz0,38.0
gz0,39.0
gz0,40.0
gz0,41.0
gz0,42.0
gz0,43.0
gz0,44.0
gz0,45.0
gz0,46.0
gz0,47.0
gz0,48.0
gz0,49.0
gz0,50.0
gz0,51.0
gz0,52.0
gz0,53.0
gz0,54.0
gz0,55.0
gz0,56.0
gz0,57.0
gz0,58.0
gz0,59.0
gz0,60.0
gz0,61.0
gz0,62.0
gz0,63.0
gz0,64.0
gz0,65.0
gz0,66.0
gz0,67.0
gz0,68.0
gz0,69.0
gz0,70.0
gz0,71.0
gz0,72.0
gz0,73.0
gz0,74.0
gz0,75.0
gz0,76.0
gz0,77.0
gz0,78.0
gz0,79.0
gz0,80.0
gz0,81.0
gz0,82.0
gz0,83.0
gz0,84.0
gz0,85.0
gz0,86.0
gz0,87.0
gz0,88.0
gz0,89.0
gz0,90.0
gz0,91.0
gz0,92.0
gz0,93.0
gz0,94.0
gz0,95.0
gz0,96.0
gz0,97.0
gz0,98.0
gz0,99.0
gz0,100.0
gz0,101.0
gz0,102.0
gz0,103.0
gz0,104.0
gz0,105.0
gz0,106.0
gz0,107.0
gz0,108.0
gz0,109.0
gz0,110.0
gz0,111.0
gz0,112.0
gz0,113.0
gz0,114.0
gz0,115.0
gz0,116.0
gz0,117.0
gz0,118.0
gz0,119.0
gz0,120.0
gz0,121.0
gz0,122.0
gz0,123.0
gz0,124.0
gz0,125.0
gz37,126.0
gz37,127.0
gz37,128.0
gz37,129.0
gz37,130.0
gz37,131.0
gz37,132.0
gz37,133.0
gz37,134.0
gz37,135.0
gz37,136.0
gz37,137.0
gz0,138.0
gz0,139.0
gz0,140.0
gz0,141.0
gz0,142.0
gz0,143.0
gz0,144.0
gz0,145.0
gz0,146.0
gz0,147.0
gz0,148.0
gz0,149.0
gz37,150.0
gz37,151.0
gz37,152.0
gz37,153.0
gz37,154.0
gz37,155.0
gz37,156.0
gz37,157.0
gz38,158.0
gz38,159.0
gz38,160.0
gz38,161.0
gz38,162.0
gz0,163.0
gz0,164.0
gz0,165.0
gz0,166.0
gz0,167.0
gz0,168.0
gz0,169.0
gz0,170.0
gz0,171.0
gz0,172.0
gz0,173.0
gz0,174.0
gz0,175.0
gz0,176.0
gz0,177.0
gz0,178.0
gz38,179.0
gz38,180.0
gz0,181.0
gz0,182.0
gz0,183.0
gz0,184.0
gz0,185.0
gz0,186.0
gz0,187.0
gz0,188.0
gz0,189.0
gz0,190.0
gz0,191.0
gz0,192.0
gz0,193.0
gz0,194.0
gz0,195.0
gz0,196.0
gz0,197.0
gz0,198.0
gz0,199.0
gz0,200.0
gz0,201.0
gz0,202.0
gz0,203.0
gz0,204.0
gz0,205.0
gz35,206.0
gz35,207.0
gz35,208.0
gz35,209.0
gz35,210.0
gz35,211.0
gz35,212.0
gz35,213.0
gz35,214.0
gz35,215.0
gz35,216.0
gz35,217.0
gz35,218.0
gz35,219.0
gz35,220.0
gz35,221.0
gz35,222.0
gz35,223.0
gz35,224.0
gz35,225.0
gz35,226.0
gz35,227.0
gz0,228.0
gz0,229.0
gz0,230.0
gz0,231.0
gz0,232.0
gz0,233.0
gz0,234.0
gz0,235.0
gz0,236.0
gz0,237.0
gz0,238.0
gz0,239.0
gz0,240.0
gz0,241.0
gz0,242.0
gz35,243.0
gz35,244.0
gz35,245.0
gz35,246.0
gz35,247.0
gz0,248.0
gz0,249.0
gz0,250.0
gz0,251.0
gz0,252.0
gz0,253.0
gz0,254.0
gz0,255.0
gz0,256.0
gz0,257.0
gz0,258.0
gz0,259.0
gz0,260.0
gz0,261.0
gz36,262.0
gz36,263.0
gz36,264.0
gz36,265.0
gz36,266.0
gz36,267.0
gz36,268.0
gz36,269.0
gz36,270.0
gz36,271.0
gz36,272.0
gz36,273.0
gz36,274.0
gz36,275.0
gz36,276.0
gz36,277.0
gz36,278.0
gz36,279.0
gz36,280.0
gz36,281.0
gz36,282.0
gz36,283.0
gz36,284.0
gz36,285.0
gz36,286.0
gz36,287.0
gz36,288.0
gz0,289.0
gz0,290.0
gz0,291.0
gz0,292.0
gz0,293.0
gz0,294.0
gz0,295.0
gz0,296.0
gz0,297.0
gz0,298.0
gz0,299.0
gz0,300.0
gz0,301.0
gz0,302.0
gz0,303.0
gz0,304.0
gz0,305.0
gz0,306.0
gz0,307.0
gz0,308.0
gz0,309.0
gz0,310.0
gz0,311.0
gz0,312.0
gz0,313.0
gz0,314.0
gz0,315.0
gz0,316.0
gz0,317.0
gz0,318.0
gz0,319.0
gz0,320.0
gz0,321.0
gz0,322.0
gz0,323.0
gz0,324.0
gz0,325.0
gz0,326.0
gz0,327.0
gz0,328.0
gz0,329.0
gz0,330.0
gz0,331.0
gz0,332.0
gz0,333.0
gz0,334.0
gz0,335.0
gz0,336.0
gz0,337.0
gz0,338.0
gz0,339.0
gz4,340.0
gz4,341.0
gz4,342.0
gz4,343.0
gz4,344.0
gz4,345.0
gz4,346.0
gz4,347.0
gz4,348.0
gz4,349.0
gz4,350.0
gz4,351.0
gz4,352.0
gz4,353.0
gz4,354.0
gz4,355.0
gz4,356.0
gz4,357.0
gz4,358.0
gz4,359.0
gz4,360.0
gz4,361.0
gz4,362.0
gz4,363.0
gz4,364.0
gz4,365.0
gz4,366.0
gz4,367.0
gz4,368.0
gz4,369.0
gz4,370.0
gz4,371.0
gz4,372.0
gz4,373.0
gz4,374.0
gz4,375.0
gz4,376.0
gz4,377.0
gz4,378.0
gz4,379.0
gz4,380.0
gz4,381.0
gz4,382.0
gz4,383.0
gz4,384.0
gz4,385.0
gz4,386.0
gz4,387.0
gz4,388.0
gz4,389.0
gz4,390.0
gz4,391.0
gz4,392.0
gz4,393.0
gz4,394.0
gz4,395.0
gz4,396.0
gz4,397.0
gz0,398.0
gz0,399.0
gz0,400.0
gz0,401.0
gz0,402.0
gz0,403.0
gz0,404.0
gz0,405.0
gz0,406.0
gz0,407.0
gz0,408.0
gz0,409.0
gz0,410.0
gz0,411.0
gz0,412.0
gz0,413.0
gz0,414.0
gz0,415.0
gz0,416.0
gz0,417.0
gz0,418.0
gz0,419.0
gz0,420.0
gz0,421.0
gz15,422.0
gz15,423.0
gz15,424.0
gz15,425.0
gz15,426.0
gz15,427.0
gz0,428.0
gz0,429.0
gz0,430.0
gz0,431.0
gz0,432.0
gz0,433.0
gz0,434.0
gz0,435.0
gz0,436.0
gz0,437.0
gz0,438.0
gz0,439.0
gz0,440.0
gz0,441.0
gz0,442.0
gz0,443.0
gz15,444.0
gz15,445.0
gz15,446.0
gz0,447.0
gz0,448.0
gz0,449.0
gz0,450.0
gz0,451.0
gz0,452.0
gz0,453.0
gz0,454.0
gz0,455.0
gz0,456.0
gz0,457.0
gz0,458.0
gz0,459.0
gz0,460.0
gz0,461.0
gz0,462.0
gz0,463.0
gz0,464.0
gz0,465.0
gz0,466.0
gz0,467.0
gz0,468.0
gz0,469.0
gz0,470.0
gz0,471.0
gz0,472.0
gz0,473.0
gz0,474.0
gz0,475.0
gz0,476.0
gz0,477.0
gz0,478.0
gz0,479.0
gz0,480.0
gz0,481.0
gz0,482.0
gz0,483.0
gz0,484.0
gz0,485.0
gz0,486.0
gz0,487.0
gz0,488.0
gz0,489.0
gz0,490.0
gz0,491.0
gz0,492.0
gz0,493.0
gz0,494.0
gz0,495.0
gz0,496.0
gz0,497.0
gz0,498.0
gz0,499.0
gz0,500.0
gz0,501.0
gz4,502.0
gz4,503.0
gz4,504.0
gz0,505.0
gz0,506.0
gz39,507.0
gz39,508.0
gz0,509.0
gz0,510.0
gz0,511.0
gz0,512.0
gz39,513.0
gz39,514.0
gz0,515.0
gz0,516.0
gz0,517.0
gz0,518.0
gz0,519.0
gz0,520.0
gz0,521.0
gz0,522.0
gz0,523.0
gz0,524.0
gz0,525.0
gz0,526.0
gz0,527.0
gz0,528.0
gz39,529.0
gz39,530.0
gz39,531.0
gz39,532.0
gz39,533.0
gz39,534.0
gz39,535.0
gz39,536.0
gz39,537.0
gz39,538.0
gz39,539.0
gz0,540.0
gz0,541.0
gz0,542.0
gz0,543.0
gz0,544.0
gz0,545.0
gz0,546.0
gz0,547.0
gz0,548.0
gz0,549.0
gz0,550.0
gz0,551.0
gz0,552.0
gz0,553.0
gz0,554.0
gz0,555.0
gz0,556.0
gz0,557.0
gz0,558.0
gz0,559.0
gz0,560.0
gz0,561.0
gz0,562.0
gz0,563.0
gz0,564.0
gz0,565.0
gz0,566.0
gz0,567.0
gz4,568.0
gz0,569.0
gz0,570.0
gz0,571.0
gz0,572.0
gz0,573.0
gz0,574.0
gz0,575.0
gz0,576.0
gz0,577.0
gz0,578.0
gz0,579.0
gz0,580.0
gz0,581.0
gz0,582.0
gz0,583.0
gz0,584.0
gz0,585.0
gz0,586.0
gz39,587.0
gz39,588.0
gz39,589.0
gz39,590.0
gz39,591.0
gz39,592.0
gz39,593.0
gz0,594.0
gz0,595.0
gz0,596.0
gz0,597.0
gz0,598.0
gz0,599.0
gz0,600.0
gz0,601.0
gz0,602.0
gz0,603.0
gz0,604.0
gz0,605.0
gz0,606.0
gz0,607.0
gz0,608.0
gz0,609.0
gz0,610.0
gz0,611.0
gz0,612.0
gz0,613.0
gz0,614.0
gz0,615.0
gz0,616.0
gz0,617.0
gz0,618.0
gz0,619.0
gz0,620.0
gz0,621.0
gz0,622.0
gz0,623.0
gz0,624.0
gz0,625.0
gz0,626.0
gz0,627.0
gz0,628.0
gz0,629.0
gz0,630.0
gz0,631.0
gz0,632.0
gz0,633.0
gz0,634.0
gz0,635.0
gz0,636.0
gz0,637.0
gz0,638.0
gz0,639.0
gz0,640.0
gz0,641.0
gz0,642.0
gz0,643.0
gz0,644.0
gz0,645.0
gz0,646.0
gz0,647.0
gz0,648.0
gz0,649.0
gz0,650.0
gz0,651.0
gz0,652.0
gz0,653.0
gz0,654.0
gz0,655.0
gz0,656.0
gz0,657.0
gz0,658.0
gz0,659.0
gz0,660.0
gz0,661.0
gz0,662.0
gz0,663.0
gz0,664.0
gz0,665.0
gz0,666.0
gz0,667.0
gz0,668.0
gz0,669.0
gz0,670.0
gz0,671.0
gz0,672.0
gz0,673.0
gz0,674.0
gz0,675.0
gz0,676.0
gz0,677.0
gz0,678.0
gz0,679.0
gz0,680.0
gz0,681.0
gz0,682.0
gz0,683.0
gz0,684.0
gz0,685.0
gz0,686.0
gz0,687.0
gz0,688.0
gz0,689.0
gz0,690.0
gz0,691.0
gz0,692.0
gz0,693.0
gz0,694.0
gz0,695.0
gz0,696.0
gz0,697.0
gz0,698.0
gz0,699.0
gz0,700.0
gz0,701.0
gz0,702.0
gz0,703.0
gz0,704.0
gz0,705.0
gz0,706.0
gz0,707.0
gz0,708.0
gz0,709.0
gz0,710.0
gz0,711.0
gz0,712.0
gz0,713.0
gz0,714.0
gz0,715.0
gz0,716.0
gz0,717.0
gz0,718.0
gz0,719.0
gz0,720.0
gz0,721.0
gz0,722.0
gz0,723.0
gz0,724.0
gz0,725.0
gz0,726.0
gz0,727.0
gz0,728.0
gz0,729.0
gz0,730.0
gz0,731.0
gz0,732.0
gz0,733.0
gz0,734.0
gz0,735.0
gz0,736.0
gz0,737.0
gz0,738.0
gz0,739.0
gz0,740.0
gz0,741.0
gz0,742.0
gz0,743.0
gz0,744.0
gz0,745.0
gz0,746.0
gz0,747.0
gz0,748.0
gz0,749.0
gz0,750.0
gz0,751.0
gz0,752.0
gz0,753.0
gz0,754.0
gz0,755.0
gz0,756.0
gz0,757.0
gz0,758.0
gz0,759.0
gz0,760.0
gz0,761.0
gz0,762.0
gz0,763.0
gz0,764.0
gz0,765.0
gz0,766.0
gz0,767.0
gz0,768.0
gz0,769.0
gz0,770.0
gz0,771.0
gz0,772.0
gz0,773.0
gz0,774.0
gz0,775.0
gz0,776.0
gz0,777.0
gz0,778.0
gz0,779.0
gz0,780.0
gz0,781.0
gz0,782.0
gz0,783.0
gz0,784.0
gz0,785.0
gz0,786.0
gz0,787.0
gz0,788.0
gz0,789.0
gz0,790.0
gz0,791.0
gz0,792.0
gz0,793.0
gz0,794.0
gz0,795.0
gz0,796.0
gz0,797.0
gz0,798.0
gz0,799.0
gz0,800.0
gz0,801.0
gz0,802.0
gz0,803.0
gz0,804.0
gz0,805.0
gz0,806.0
gz0,807.0
gz0,808.0
gz0,809.0
gz0,810.0
gz0,811.0
gz0,812.0
gz0,813.0
gz0,814.0
gz0,815.0
gz0,816.0
gz0,817.0
gz0,818.0
gz0,819.0
gz0,820.0
gz0,821.0
gz0,822.0
gz0,823.0
gz0,824.0
gz0,825.0
gz0,826.0
gz0,827.0
gz0,828.0
gz0,829.0
gz0,830.0
gz0,831.0
gz0,832.0
gz0,833.0
gz0,834.0
gz0,835.0
gz0,836.0
gz0,837.0
gz0,838.0
gz0,839.0
gz0,840.0
gz0,841.0
gz0,842.0
gz0,843.0
gz0,844.0
gz0,845.0
gz0,846.0
gz0,847.0
gz0,848.0
gz0,849.0
gz0,850.0
gz0,851.0
gz0,852.0
gz0,853.0
gz0,854.0
gz0,855.0
gz0,856.0
gz0,857.0
gz0,858.0
gz0,859.0
gz0,860.0
gz0,861.0
gz0,862.0
gz0,863.0
gz0,864.0
gz0,865.0
gz0,866.0
gz0,867.0
gz0,868.0
gz0,869.0
gz0,870.0
gz0,871.0
gz0,872.0
gz0,873.0
gz0,874.0
gz0,875.0
gz0,876.0
gz0,877.0
gz0,878.0
gz0,879.0
gz0,880.0
gz0,881.0
gz0,882.0
gz0,883.0
gz0,884.0
gz0,885.0
gz0,886.0
gz0,887.0
gz0,888.0
gz0,889.0
gz0,890.0
gz0,891.0
gz0,892.0
gz0,893.0
gz0,894.0
gz0,895.0
gz0,896.0
gz0,897.0
gz0,898.0
gz0,899.0
gz0,900.0
gz0,901.0
gz0,902.0
gz0,903.0
gz0,904.0
gz0,905.0
gz0,906.0
gz0,907.0
gz0,908.0
gz0,909.0
gz0,910.0
gz0,911.0
gz0,912.0
gz0,913.0
gz0,914.0
gz0,915.0
gz0,916.0
gz0,917.0
gz0,918.0
gz0,919.0
gz0,920.0
gz0,921.0
gz0,922.0
gz0,923.0
gz0,924.0
gz0,925.0
gz0,926.0
gz0,927.0
gz0,928.0
gz0,929.0
gz0,930.0
gz0,931.0
gz0,932.0
gz0,933.0
gz0,934.0
gz0,935.0
gz0,936.0
gz0,937.0
gz0,938.0
gz0,939.0
gz0,940.0
gz0,941.0
gz0,942.0
gz0,943.0
gz0,944.0
gz0,945.0
gz0,946.0
gz0,947.0
gz0,948.0
gz0,949.0
gz0,950.0
gz0,951.0
gz0,952.0
gz0,953.0
gz0,954.0
gz0,955.0
gz0,956.0
gz0,957.0
gz0,958.0
gz0,959.0
gz0,960.0
gz0,961.0
gz0,962.0
gz0,963.0
gz0,964.0
gz0,965.0
gz0,966.0
gz0,967.0
gz0,968.0
gz0,969.0
gz0,970.0
gz0,971.0
gz0,972.0
gz0,973.0
gz0,974.0
gz0,975.0
gz0,976.0
gz0,977.0
gz0,978.0
gz0,979.0
gz0,980.0
gz0,981.0
gz0,982.0
gz0,983.0
gz0,984.0
gz0,985.0
gz0,986.0
gz0,987.0
gz0,988.0
gz0,989.0
gz0,990.0
gz0,991.0
gz0,992.0
gz0,993.0
gz0,994.0
gz0,995.0
gz0,996.0
gz0,997.0
gz0,998.0
gz0,999.0
gz0,1000.0
gz0,1001.0
gz0,1002.0
gz0,1003.0
gz0,1004.0
gz0,1005.0
gz0,1006.0
gz0,1007.0
gz0,1008.0
gz0,1009.0
gz0,1010.0
gz0,1011.0
gz0,1012.0
gz0,1013.0
gz0,1014.0
gz0,1015.0
gz0,1016.0
gz0,1017.0
gz0,1018.0
gz0,1019.0
gz0,1020.0
gz0,1021.0
gz0,1022.0
gz0,1023.0
gz0,1024.0
gz0,1025.0
gz0,1026.0
gz0,1027.0
gz0,1028.0
gz0,1029.0
gz0,1030.0
gz0,1031.0
gz0,1032.0
gz0,1033.0
gz0,1034.0
gz0,1035.0
gz0,1036.0
gz0,1037.0
gz0,1038.0
gz0,1039.0
gz0,1040.0
gz0,1041.0
gz0,1042.0
gz0,1043.0
gz0,1044.0
gz0,1045.0
gz0,1046.0
gz0,1047.0
gz0,1048.0
gz0,1049.0
gz0,1050.0
gz0,1051.0
gz0,1052.0
gz0,1053.0
gz0,1054.0
gz0,1055.0
gz0,1056.0
gz0,1057.0
gz0,1058.0
gz0,1059.0
gz0,1060.0
gz0,1061.0
gz0,1062.0
gz0,1063.0
gz0,1064.0
gz0,1065.0
gz0,1066.0
gz0,1067.0
gz0,1068.0
gz0,1069.0
gz0,1070.0
gz0,1071.0
gz0,1072.0
gz0,1073.0
gz0,1074.0
gz0,1075.0
gz0,1076.0
gz0,1077.0
gz0,1078.0
gz0,1079.0
gz0,1080.0
gz0,1081.0
gz0,1082.0
gz0,1083.0
gz0,1084.0
gz0,1085.0
gz0,1086.0
gz0,1087.0
gz0,1088.0
gz0,1089.0
gz0,1090.0
gz0,1091.0
gz0,1092.0
gz0,1093.0
gz0,1094.0
gz0,1095.0
gz0,1096.0
gz0,1097.0
gz0,1098.0
gz0,1099.0
gz0,1100.0
gz0,1101.0
gz0,1102.0
gz0,1103.0
gz0,1104.0
gz0,1105.0
gz0,1106.0
gz0,1107.0
gz0,1108.0
gz0,1109.0
gz0,1110.0
gz0,1111.0
gz0,1112.0
gz0,1113.0
gz0,1114.0
gz0,1115.0
gz0,1116.0
gz0,1117.0
gz0,1118.0
gz0,1119.0
gz0,1120.0
gz0,1121.0
gz0,1122.0
gz0,1123.0
gz0,1124.0
gz0,1125.0
gz0,1126.0
gz0,1127.0
gz36,1128.0
gz0,1129.0
gz0,1130.0
gz0,1131.0
gz0,1132.0
gz0,1133.0
gz0,1134.0
gz0,1135.0
gz0,1136.0
gz0,1137.0
gz0,1138.0
gz0,1139.0
gz0,1140.0
gz0,1141.0
gz0,1142.0
gz0,1143.0
gz0,1144.0
gz0,1145.0
gz0,1146.0
gz0,1147.0
gz0,1148.0
gz0,1149.0
gz0,1150.0
gz0,1151.0
gz0,1152.0
gz0,1153.0
gz0,1154.0
gz0,1155.0
gz0,1156.0
gz0,1157.0
gz0,1158.0
gz0,1159.0
gz0,1160.0
gz0,1161.0
gz0,1162.0
gz0,1163.0
gz0,1164.0
gz0,1165.0
gz0,1166.0
gz0,1167.0
gz0,1168.0
gz0,1169.0
gz0,1170.0
gz0,1171.0
gz0,1172.0
gz0,1173.0
gz0,1174.0
gz0,1175.0
gz0,1176.0
gz0,1177.0
gz0,1178.0
gz0,1179.0
gz0,1180.0
gz0,1181.0
gz0,1182.0
gz0,1183.0
gz0,1184.0
gz0,1185.0
gz0,1186.0
gz0,1187.0
gz0,1188.0
gz0,1189.0
gz0,1190.0
gz0,1191.0
gz0,1192.0
gz0,1193.0
gz0,1194.0
gz0,1195.0
gz0,1196.0
gz0,1197.0
gz0,1198.0
gz0,1199.0
gz0,1200.0
gz0,1201.0
gz0,1202.0
gz0,1203.0
gz0,1204.0
gz0,1205.0
gz0,1206.0
gz0,1207.0
gz0,1208.0
gz0,1209.0
gz0,1210.0
gz0,1211.0
gz0,1212.0
gz0,1213.0
gz0,1214.0
gz0,1215.0
gz0,1216.0
gz0,1217.0
gz0,1218.0
gz0,1219.0
gz0,1220.0
gz0,1221.0
gz0,1222.0
gz0,1223.0
gz0,1224.0
gz0,1225.0
gz0,1226.0
gz0,1227.0
gz0,1228.0
gz0,1229.0
gz0,1230.0
gz0,1231.0
gz0,1232.0
gz0,1233.0
gz36,1234.0
gz36,1235.0
gz36,1236.0
gz36,1237.0
gz36,1238.0
gz36,1239.0
gz36,1240.0
gz36,1241.0
gz36,1242.0
gz36,1243.0
gz36,1244.0
gz36,1245.0
gz36,1246.0
gz36,1247.0
gz36,1248.0
gz36,1249.0
gz36,1250.0
gz36,1251.0
gz36,1252.0
gz36,1253.0
gz36,1254.0
gz36,1255.0
gz36,1256.0
gz36,1257.0
gz36,1258.0
gz0,1259.0
gz0,1260.0
gz0,1261.0
gz0,1262.0
gz0,1263.0
gz0,1264.0
gz0,1265.0
gz0,1266.0
gz0,1267.0
gz0,1268.0
gz36,1269.0
gz36,1270.0
gz36,1271.0
gz36,1272.0
gz36,1273.0
gz36,1274.0
gz36,1275.0
gz36,1276.0
gz36,1277.0
gz36,1278.0
gz0,1279.0
gz0,1280.0
gz0,1281.0
gz0,1282.0
gz0,1283.0
gz0,1284.0
gz0,1285.0
gz0,1286.0
gz0,1287.0
gz0,1288.0
gz0,1289.0
gz0,1290.0
gz0,1291.0
gz0,1292.0
gz0,1293.0
gz0,1294.0
gz0,1295.0
gz36,1296.0
gz36,1297.0
gz36,1298.0
gz36,1299.0
gz36,1300.0
gz0,1301.0
gz0,1302.0
gz0,1303.0
gz0,1304.0
gz0,1305.0
gz0,1306.0
gz0,1307.0
gz0,1308.0
gz0,1309.0
gz0,1310.0
gz36,1311.0
gz36,1312.0
gz36,1313.0
gz36,1314.0
gz36,1315.0
gz36,1316.0
gz36,1317.0
gz36,1318.0
gz36,1319.0
gz0,1320.0
gz0,1321.0
gz0,1322.0
gz0,1323.0
gz0,1324.0
gz0,1325.0
gz0,1326.0
gz0,1327.0
gz0,1328.0
gz0,1329.0
gz0,1330.0
gz0,1331.0
gz0,1332.0
gz0,1333.0
gz0,1334.0
gz0,1335.0
gz0,1336.0
gz0,1337.0
gz0,1338.0
gz0,1339.0
gz0,1340.0
gz0,1341.0
gz0,1342.0
gz0,1343.0
gz0,1344.0
gz0,1345.0
gz0,1346.0
gz0,1347.0
gz0,1348.0
gz0,1349.0
gz0,1350.0
gz0,1351.0
gz0,1352.0
gz0,1353.0
gz0,1354.0
gz0,1355.0
gz0,1356.0
gz0,1357.0
gz0,1358.0
gz0,1359.0
gz0,1360.0
gz0,1361.0
gz0,1362.0
gz0,1363.0
gz0,1364.0
gz0,1365.0
gz0,1366.0
gz0,1367.0
gz0,1368.0
gz0,1369.0
gz0,1370.0
gz0,1371.0
gz0,1372.0
gz0,1373.0
gz0,1374.0
gz0,1375.0
gz0,1376.0
gz0,1377.0
gz0,1378.0
gz0,1379.0
gz0,1380.0
gz0,1381.0
gz0,1382.0
gz0,1383.0
gz0,1384.0
gz0,1385.0
gz0,1386.0
gz0,1387.0
gz0,1388.0
gz0,1389.0
gz0,1390.0
gz0,1391.0
gz0,1392.0
gz0,1393.0
gz0,1394.0
gz0,1395.0
gz0,1396.0
gz0,1397.0
gz0,1398.0
gz0,1399.0
gz0,1400.0
gz0,1401.0
gz0,1402.0
gz0,1403.0
gz0,1404.0
gz0,1405.0
gz0,1406.0
gz0,1407.0
gz0,1408.0
gz0,1409.0
gz0,1410.0
gz0,1411.0
gz0,1412.0
gz0,1413.0
gz0,1414.0
gz0,1415.0
gz0,1416.0
gz0,1417.0
gz0,1418.0
gz0,1419.0
gz0,1420.0
gz0,1421.0
gz0,1422.0
gz0,1423.0
gz0,1424.0
gz0,1425.0
gz0,1426.0
gz0,1427.0
gz0,1428.0
gz0,1429.0
gz0,1430.0
gz0,1431.0
gz0,1432.0
gz0,1433.0
gz0,1434.0
gz0,1435.0
gz0,1436.0
gz0,1437.0
gz0,1438.0
gz0,1439.0
gz0,1440.0
gz0,1441.0
gz0,1442.0
gz0,1443.0
gz0,1444.0
gz0,1445.0
gz0,1446.0
gz0,1447.0
gz0,1448.0
gz0,1449.0
gz0,1450.0
gz0,1451.0
gz0,1452.0
gz0,1453.0
gz0,1454.0
gz0,1455.0
gz0,1456.0
gz0,1457.0
gz0,1458.0
gz0,1459.0
gz0,1460.0
gz0,1461.0
gz0,1462.0
gz0,1463.0
gz0,1464.0
gz0,1465.0
gz0,1466.0
gz0,1467.0
gz0,1468.0
gz0,1469.0
gz0,1470.0
gz0,1471.0
gz0,1472.0
gz0,1473.0
gz0,1474.0
gz0,1475.0
gz0,1476.0
gz0,1477.0
gz0,1478.0
gz0,1479.0
gz0,1480.0
gz0,1481.0
gz0,1482.0
gz0,1483.0
gz0,1484.0
gz0,1485.0
gz0,1486.0
gz0,1487.0
gz0,1488.0
gz0,1489.0
gz0,1490.0
gz0,1491.0
gz0,1492.0
gz0,1493.0
gz0,1494.0
gz0,1495.0
gz0,1496.0
gz0,1497.0
gz0,1498.0
gz0,1499.0
gz0,1500.0
gz0,1501.0
gz0,1502.0
gz0,1503.0
gz0,1504.0
gz0,1505.0
gz0,1506.0
gz0,1507.0
gz0,1508.0
gz0,1509.0
gz0,1510.0
gz0,1511.0
gz0,1512.0
gz0,1513.0
gz0,1514.0
gz0,1515.0
gz0,1516.0
gz0,1517.0
gz0,1518.0
gz0,1519.0
gz0,1520.0
gz0,1521.0
gz0,1522.0
gz0,1523.0
gz0,1524.0
gz0,1525.0
gz0,1526.0
gz0,1527.0
gz0,1528.0
gz0,1529.0
gz0,1530.0
gz0,1531.0
gz0,1532.0
gz0,1533.0
gz0,1534.0
gz0,1535.0
gz0,1536.0
gz0,1537.0
gz0,1538.0
gz0,1539.0
gz0,1540.0
gz0,1541.0
gz0,1542.0
gz0,1543.0
gz0,1544.0
gz0,1545.0
gz0,1546.0
gz0,1547.0
gz0,1548.0
gz0,1549.0
gz0,1550.0
gz0,1551.0
gz0,1659.0
gz0,1660.0
gz0,1661.0
gz0,1662.0
gz0,1663.0
gz0,1664.0
gz0,1665.0
gz0,1666.0
gz20,1667.0
gz0,1668.0
gz0,1669.0
gz0,1670.0
gz0,1671.0
gz0,1672.0
gz0,1673.0
gz0,1674.0
gz0,1675.0
gz20,1676.0
gz20,1677.0
gz0,1678.0
gz20,1678.0
gz0,1679.0
gz0,1680.0
gz0,1681.0
gz0,1682.0
gz20,1683.0
gz0,1684.0
gz20,1684.0
gz0,1685.0
gz0,1686.0
gz0,1687.0
gz0,1688.0
gz0,1689.0
gz0,1690.0
gz0,1691.0
gz0,1692.0
gz0,1693.0
gz0,1694.0
gz0,1695.0
gz0,1696.0
gz0,1697.0
gz0,1698.0
gz0,1699.0
gz0,1700.0
gz0,1701.0
gz0,1702.0
gz0,1703.0
gz0,1704.0
gz0,1705.0
gz0,1706.0
gz0,1707.0
gz0,1708.0
gz0,1709.0
gz0,1710.0
gz0,1711.0
gz0,1712.0
gz0,1713.0
gz0,1714.0
gz0,1715.0
gz0,1716.0
gz0,1717.0
gz0,1718.0
gz0,1719.0
gz0,1720.0
gz0,1721.0
gz0,1722.0
gz0,1723.0
gz0,1724.0
gz0,1725.0
gz0,1726.0
gz0,1727.0
gz0,1728.0
gz0,1729.0
gz0,1730.0
gz0,1731.0
gz0,1732.0
gz0,1733.0
gz0,1734.0
gz0,1735.0
gz0,1736.0
gz0,1737.0
gz0,1738.0
gz0,1739.0
gz0,1740.0
gz0,1741.0
gz0,1742.0
gz0,1743.0
gz0,1744.0
gz0,1745.0
gz0,1746.0
gz0,1747.0
gz0,1748.0
gz0,1749.0
gz0,1750.0
gz0,1751.0
gz0,1752.0
gz0,1753.0
gz0,1754.0
gz0,1755.0
gz0,1756.0
gz0,1757.0
gz0,1758.0
gz0,1759.0
gz0,1760.0
gz0,1761.0
gz0,1762.0
gz0,1763.0
gz0,1764.0
gz0,1765.0
gz0,1766.0
gz0,1767.0
gz0,1768.0
gz0,1769.0
gz0,1770.0
gz0,1771.0
gz0,1772.0
gz0,1773.0
gz0,1774.0
gz0,1775.0
gz0,1776.0
gz0,1777.0
gz0,1778.0
gz0,1779.0
gz0,1780.0
gz0,1781.0
gz0,1782.0
gz0,1783.0
gz0,1784.0
gz0,1785.0
gz0,1786.0
gz0,1787.0
gz0,1788.0
gz0,1789.0
gz0,1790.0
gz0,1791.0
gz0,1792.0
gz0,1793.0
gz0,1794.0
gz0,1795.0
gz0,1796.0
gz0,1797.0
gz0,1798.0
gz0,1799.0
gz0,1800.0
gz0,1801.0
gz0,1802.0
gz0,1803.0
gz0,1804.0
gz0,1805.0
gz0,1806.0
gz0,1807.0
gz0,1808.0
gz0,1809.0
gz0,1810.0
gz0,1811.0
gz0,1812.0
gz0,1813.0
gz0,1814.0
gz0,1815.0
gz0,1816.0
gz0,1817.0
gz0,1818.0
gz0,1819.0
gz0,1820.0
gz0,1821.0
gz0,1822.0
gz0,1823.0
gz0,1824.0
gz0,1825.0
gz0,1826.0
gz0,1827.0
gz0,1828.0
gz0,1829.0
gz0,1830.0
gz0,1831.0
gz0,1832.0
gz0,1833.0
gz0,1834.0
gz0,1835.0
gz0,1836.0
gz0,1837.0
gz0,1838.0
gz0,1839.0
gz0,1840.0
gz0,1841.0
gz0,1842.0
gz0,1843.0
gz0,1844.0
gz0,1845.0
gz0,1846.0
gz0,1847.0
gz0,1848.0
gz0,1849.0
gz0,1850.0
gz0,1851.0
gz0,1852.0
gz0,1853.0
gz0,1854.0
gz0,1855.0
gz0,1856.0
gz0,1857.0
gz0,1858.0
gz0,1859.0
gz0,1860.0
gz5,1861.0
gz5,1862.0
gz5,1863.0
gz5,1864.0
gz0,1865.0
gz5,1866.0
gz5,1867.0
gz5,1868.0
gz5,1869.0
gz5,1870.0
gz5,1871.0
gz0,1872.0
gz0,1873.0
gz0,1874.0
gz0,1875.0
gz0,1876.0
gz0,1877.0
gz0,1878.0
gz0,1879.0
gz0,1880.0
gz0,1881.0
gz0,1882.0
gz5,1883.0
gz5,1884.0
gz5,1885.0
gz5,1886.0
gz5,1887.0
gz5,1888.0
gz5,1889.0
gz5,1890.0
gz0,1891.0
gz0,1892.0
gz0,1893.0
gz0,1894.0
gz0,1895.0
gz0,1896.0
gz0,1897.0
gz0,1898.0
gz0,1899.0
gz0,1900.0
gz0,1901.0
gz0,1902.0
gz0,1903.0
gz0,1904.0
gz0,1905.0
gz0,1906.0
gz0,1907.0
gz0,1908.0
gz0,1909.0
gz0,1910.0
gz0,1911.0
gz0,1912.0
gz0,1913.0
gz0,1914.0
gz0,1915.0
gz0,1916.0
gz0,1917.0
gz0,1918.0
gz0,1919.0
gz0,1920.0
gz0,1921.0
gz0,1922.0
gz0,1923.0
gz0,1924.0
gz0,1925.0
gz0,1926.0
gz0,1927.0
gz0,1928.0
gz0,1929.0
gz0,1930.0
gz0,1931.0
gz0,1932.0
gz0,1933.0
gz0,1934.0
gz0,1935.0
gz0,1936.0
gz0,1937.0
gz0,1938.0
gz0,1939.0
gz0,1940.0
gz0,1941.0
gz0,1942.0
gz0,1943.0
gz0,1944.0
gz0,1945.0
gz0,1946.0
gz0,1947.0
gz0,1948.0
gz0,1949.0
gz0,1950.0
gz0,1951.0
gz0,1952.0
gz0,1953.0
gz0,1954.0
gz0,1955.0
gz0,1956.0
gz0,1957.0
gz0,1958.0
gz0,1959.0
gz0,1960.0
gz17,1961.0
gz17,1962.0
gz17,1963.0
gz17,1964.0
gz17,1965.0
gz16,1966.0
gz16,1967.0
gz0,1968.0
gz0,1969.0
gz0,1970.0
gz0,1971.0
gz0,1972.0
gz0,1973.0
gz0,1974.0
gz0,1975.0
gz0,1976.0
gz0,1977.0
gz0,1978.0
gz0,1979.0
gz16,1980.0
gz0,1981.0
gz16,1982.0
gz16,1983.0
gz16,1984.0
gz16,1985.0
gz16,1986.0
gz17,1987.0
gz17,1988.0
gz17,1989.0
gz17,1990.0
gz17,1991.0
gz0,1992.0
gz0,1993.0
gz0,1994.0
gz0,1995.0
gz0,1996.0
gz0,1997.0
gz0,1998.0
gz0,1999.0
gz0,2000.0
gz0,2001.0
gz0,2002.0
gz0,2003.0
gz0,2004.0
gz17,2005.0
gz17,2006.0
gz17,2007.0
gz17,2008.0
gz17,2009.0
gz17,2010.0
gz17,2011.0
gz9,2012.0
gz9,2013.0
gz9,2014.0
gz9,2015.0
gz9,2016.0
gz9,2017.0
gz9,2018.0
gz9,2019.0
gz9,2020.0
gz9,2021.0
gz9,2022.0
gz9,2023.0
gz9,2024.0
gz9,2025.0
gz9,2026.0
gz11,2027.0
gz11,2028.0
gz11,2029.0
gz10,2030.0
gz11,2031.0
gz11,2032.0
gz11,2033.0
gz11,2034.0
gz10,2035.0
gz10,2036.0
gz10,2037.0
gz10,2038.0
gz11,2039.0
gz11,2040.0
gz11,2041.0
gz10,2042.0
gz10,2043.0
gz10,2044.0
gz10,2045.0
gz10,2046.0
gz10,2047.0
gz10,2048.0
gz11,2049.0
gz10,2050.0
gz10,2051.0
gz10,2052.0
gz10,2053.0
gz10,2054.0
gz10,2055.0
gz10,2056.0
gz10,2057.0
gz10,2058.0
gz10,2059.0
gz11,2060.0
gz11,2061.0
gz6,2062.0
gz10,2063.0
gz10,2064.0
gz10,2065.0
gz10,2066.0
gz10,2067.0
gz10,2068.0
gz10,2069.0
gz10,2070.0
gz10,2071.0
gz10,2072.0
gz10,2073.0
gz10,2074.0
gz10,2075.0
gz10,2076.0
gz10,2077.0
gz10,2078.0
gz10,2079.0
gz6,2080.0
gz6,2081.0
gz6,2082.0
gz6,2083.0
gz6,2084.0
gz6,2085.0
gz6,2086.0
gz6,2087.0
gz6,2088.0
gz6,2089.0
gz11,2090.0
gz6,2091.0
gz6,2092.0
gz6,2093.0
gz6,2094.0
gz6,2095.0
gz6,2096.0
gz6,2097.0
gz6,2098.0
gz6,2099.0
gz11,2100.0
gz6,2101.0
gz6,2102.0
gz6,2103.0
gz6,2104.0
gz6,2105.0
gz6,2106.0
gz6,2107.0
gz11,2108.0
gz6,2109.0
gz6,2110.0
gz6,2111.0
gz6,2112.0
gz6,2113.0
gz6,2114.0
gz8,2115.0
gz6,2116.0
gz6,2117.0
gz6,2118.0
gz6,2119.0
gz6,2120.0
gz6,2121.0
gz6,2122.0
gz6,2123.0
gz6,2124.0
gz6,2125.0
gz6,2126.0
gz6,2127.0
gz6,2128.0
gz17,2129.0
gz17,2130.0
gz17,2131.0
gz17,2132.0
gz17,2133.0
gz17,2134.0
gz17,2135.0
gz17,2136.0
gz17,2137.0
gz17,2138.0
gz17,2139.0
gz0,2140.0
gz0,2141.0
gz0,2142.0
gz0,2143.0
gz0,2144.0
gz0,2145.0
gz18,2146.0
gz17,2147.0
gz17,2148.0
gz7,2149.0
gz7,2150.0
gz7,2151.0
gz7,2152.0
gz7,2153.0
gz7,2154.0
gz7,2155.0
gz7,2156.0
gz7,2157.0
gz7,2158.0
gz7,2159.0
gz7,2160.0
gz7,2161.0
gz7,2162.0
gz7,2163.0
gz7,2164.0
gz7,2165.0
gz18,2166.0
gz18,2167.0
gz0,2168.0
gz0,2169.0
gz0,2170.0
gz0,2171.0
gz0,2172.0
gz0,2173.0
gz0,2174.0
gz0,2175.0
gz0,2176.0
gz0,2177.0
gz0,2178.0
gz0,2179.0
gz0,2180.0
gz0,2181.0
gz0,2182.0
gz0,2183.0
gz18,2184.0
gz18,2185.0
gz18,2186.0
gz18,2187.0
gz7,2188.0
gz7,2189.0
gz18,2190.0
gz7,2191.0
gz8,2192.0
gz8,2193.0
gz8,2194.0
gz8,2195.0
gz8,2196.0
gz19,2197.0
gz19,2198.0
gz19,2199.0
gz19,2200.0
gz0,2201.0
gz0,2202.0
gz0,2203.0
gz0,2204.0
gz0,2205.0
gz19,2206.0
gz19,2207.0
gz19,2208.0
gz19,2209.0
gz8,2210.0
gz8,2211.0
gz8,2212.0
gz8,2213.0
gz8,2214.0
gz8,2215.0
gz0,2216.0
gz8,2217.0
gz19,2218.0
gz19,2219.0
gz0,2220.0
gz0,2221.0
gz0,2222.0
gz0,2223.0
gz0,2224.0
gz0,2225.0
gz0,2226.0
gz0,2227.0
gz19,2228.0
gz19,2229.0
gz19,2230.0
gz19,2231.0
gz0,2232.0
gz0,2233.0
gz0,2234.0
gz0,2235.0
gz0,2236.0
gz0,2237.0
gz0,2238.0
gz0,2239.0
gz0,2240.0
gz0,2241.0
gz0,2242.0
gz0,2243.0
gz0,2244.0
gz0,2245.0
gz0,2246.0
gz0,2247.0
gz0,2248.0
gz0,2249.0
gz0,2250.0
gz0,2251.0
gz0,2252.0
gz0,2253.0
gz0,2254.0
gz0,2255.0
gz0,2256.0
gz0,2257.0
gz0,2258.0
gz0,2259.0
gz0,2260.0
gz0,2261.0
gz0,2262.0
gz0,2263.0
gz0,2264.0
gz0,2265.0
gz0,2266.0
gz0,2267.0
gz0,2268.0
gz0,2269.0
gz0,2270.0
gz0,2271.0
gz0,2272.0
gz0,2273.0
gz0,2274.0
gz0,2275.0
gz0,2276.0
gz0,2277.0
gz0,2278.0
gz0,2279.0
gz0,2280.0
gz0,2281.0
gz0,2282.0
gz0,2283.0
gz0,2284.0
gz0,2285.0
gz0,2286.0
gz0,2287.0
gz0,2288.0
gz0,2289.0
gz0,2290.0
gz0,2291.0
gz0,2292.0
gz0,2293.0
gz0,2294.0
gz0,2295.0
gz0,2296.0
gz0,2297.0
gz0,2298.0
gz0,2299.0
gz0,2300.0
gz0,2301.0
gz0,2302.0
gz0,2303.0
gz0,2304.0
gz0,2305.0
gz0,2306.0
gz0,2307.0
gz0,2308.0
gz0,2309.0
gz0,2310.0
gz0,2311.0
gz0,2312.0
gz0,2313.0
gz0,2314.0
gz0,2315.0
gz0,2316.0
gz0,2317.0
gz0,2318.0
gz0,2319.0
gz0,2320.0
gz0,2321.0
gz0,2322.0
gz0,2323.0
gz0,2324.0
gz0,2325.0
gz0,2326.0
gz0,2327.0
gz0,2328.0
gz0,2329.0
gz0,2330.0
gz0,2331.0
gz0,2332.0
gz0,2333.0
gz0,2334.0
gz0,2335.0
gz0,2336.0
gz0,2337.0
gz0,2338.0
gz0,2339.0
gz0,2340.0
gz0,2341.0
gz0,2342.0
gz0,2343.0
gz0,2344.0
gz0,2345.0
gz0,2346.0
gz0,2347.0
gz0,2348.0
gz0,2349.0
gz0,2350.0
gz0,2351.0
gz0,2352.0
gz0,2353.0
gz0,2354.0
gz0,2355.0
gz0,2356.0
gz0,2357.0
gz0,2358.0
gz0,2359.0
gz0,2360.0
gz0,2361.0
gz0,2362.0
gz0,2363.0
gz0,2364.0
gz0,2365.0
gz0,2366.0
gz0,2367.0
gz0,2368.0
gz0,2369.0
gz0,2370.0
gz0,2371.0
gz0,2372.0
gz0,2373.0
gz0,2374.0
gz0,2375.0
gz0,2376.0
gz0,2377.0
gz0,2378.0
gz0,2379.0
gz0,2380.0
gz0,2381.0
gz0,2382.0
gz0,2383.0
gz0,2384.0
gz0,2385.0
gz0,2386.0
gz0,2387.0
gz0,2388.0
gz0,2389.0
gz0,2390.0
gz0,2391.0
gz0,2392.0
gz0,2393.0
gz0,2394.0
gz0,2395.0
gz0,2396.0
gz0,2397.0
gz0,2398.0
gz0,2399.0
gz0,2400.0
gz0,2401.0
gz0,2402.0
gz0,2403.0
gz0,2404.0
gz0,2405.0
gz0,2406.0
gz0,2407.0
gz0,2408.0
gz0,2409.0
gz0,2410.0
gz0,2411.0
gz0,2412.0
gz0,2413.0
gz0,2414.0
gz0,2415.0
gz0,2416.0
gz0,2417.0
gz0,2418.0
gz0,2419.0
gz0,2420.0
gz0,2421.0
gz0,2422.0
gz0,2423.0
gz0,2424.0
gz0,2425.0
gz0,2426.0
gz0,2427.0
gz0,2428.0
gz0,2429.0
gz0,2430.0
gz0,2431.0
gz0,2432.0
gz0,2433.0
gz0,2434.0
gz0,2435.0
gz0,2436.0
gz0,2437.0
gz0,2438.0
gz0,2439.0
gz0,2440.0
gz0,2441.0
gz0,2442.0
gz0,2443.0
gz0,2444.0
gz0,2445.0
gz0,2446.0
gz0,2447.0
gz0,2448.0
gz0,2449.0
gz0,2450.0
gz0,2451.0
gz0,2452.0
gz0,2453.0
gz0,2454.0
gz0,2455.0
gz0,2456.0
gz0,2457.0
gz0,2458.0
gz0,2459.0
gz0,2460.0
gz0,2461.0
gz0,2462.0
gz0,2463.0
gz0,2464.0
gz0,2465.0
gz0,2466.0
gz0,2467.0
gz0,2468.0
gz0,2469.0
gz0,2470.0
gz0,2471.0
gz0,2472.0
gz0,2473.0
gz0,2474.0
gz0,2475.0
gz0,2476.0
gz0,2477.0
gz0,2478.0
gz0,2479.0
gz0,2480.0
gz0,2481.0
gz0,2482.0
gz0,2483.0
gz0,2484.0
gz0,2485.0
gz0,2486.0
gz0,2487.0
gz0,2488.0
gz0,2489.0
gz0,2490.0
gz0,2491.0
gz0,2492.0
gz0,2493.0
gz0,2494.0
gz0,2495.0
gz0,2496.0
gz0,2497.0
gz0,2498.0
gz0,2499.0
gz0,2500.0
gz0,2501.0
gz0,2502.0
gz0,2503.0
gz0,2504.0
gz0,2505.0
gz0,2506.0
gz0,2507.0
gz0,2508.0
gz0,2509.0
gz0,2510.0
gz0,2511.0
gz0,2512.0
gz0,2513.0
gz0,2514.0
gz0,2515.0
gz0,2516.0
gz0,2517.0
gz0,2518.0
gz0,2519.0
gz0,2520.0
gz0,2521.0
gz0,2522.0
gz32,2523.0
gz0,2524.0
gz0,2525.0
gz0,2526.0
gz0,2527.0
gz0,2528.0
gz0,2529.0
gz0,2530.0
gz0,2531.0
gz0,2532.0
gz0,2533.0
gz30,2534.0
gz30,2535.0
gz0,2536.0
gz0,2537.0
gz0,2538.0
gz0,2539.0
gz0,2540.0
gz0,2541.0
gz0,2542.0
gz0,2543.0
gz28,2544.0
gz0,2545.0
gz0,2546.0
gz30,2547.0
gz30,2548.0
gz30,2549.0
gz30,2550.0
gz30,2551.0
gz30,2552.0
gz30,2553.0
gz30,2554.0
gz30,2555.0
gz30,2556.0
gz30,2557.0
gz30,2558.0
gz30,2559.0
gz30,2560.0
gz29,2561.0
gz29,2562.0
gz29,2563.0
gz29,2564.0
gz29,2565.0
gz0,2566.0
gz0,2567.0
gz0,2568.0
gz0,2569.0
gz0,2570.0
gz0,2571.0
gz0,2572.0
gz32,2573.0
gz32,2574.0
gz32,2575.0
gz32,2576.0
gz32,2577.0
gz0,2578.0
gz32,2579.0
gz32,2580.0
gz0,2581.0
gz0,2582.0
gz0,2583.0
gz0,2584.0
gz0,2585.0
gz0,2586.0
gz0,2587.0
gz0,2588.0
gz29,2589.0
gz29,2590.0
gz29,2591.0
gz29,2592.0
gz29,2593.0
gz30,2594.0
gz29,2595.0
gz30,2596.0
gz30,2597.0
gz30,2598.0
gz30,2599.0
gz0,2600.0
gz0,2601.0
gz0,2602.0
gz0,2603.0
gz0,2604.0
gz0,2605.0
gz0,2606.0
gz0,2607.0
gz0,2608.0
gz30,2609.0
gz30,2610.0
gz30,2611.0
gz30,2612.0
gz29,2613.0
gz29,2614.0
gz29,2615.0
gz0,2616.0
gz0,2617.0
gz0,2618.0
gz0,2619.0
gz0,2620.0
gz0,2621.0
gz0,2622.0
gz0,2623.0
gz0,2624.0
gz0,2625.0
gz0,2626.0
gz0,2627.0
gz0,2628.0
gz0,2629.0
gz0,2630.0
gz0,2631.0
gz0,2632.0
gz0,2633.0
gz0,2634.0
gz0,2635.0
gz0,2636.0
gz0,2637.0
gz0,2638.0
gz0,2639.0
gz0,2640.0
gz0,2641.0
gz0,2642.0
gz0,2643.0
gz0,2644.0
gz0,2645.0
gz0,2646.0
gz0,2647.0
gz0,2648.0
gz0,2649.0
gz0,2650.0
gz0,2651.0
gz0,2652.0
gz0,2653.0
gz0,2654.0
gz0,2655.0
gz0,2656.0
gz0,2657.0
gz0,2658.0
gz0,2659.0
gz0,2660.0
gz0,2661.0
gz0,2662.0
gz0,2663.0
gz0,2664.0
gz0,2665.0
gz0,2666.0
gz0,2667.0
gz0,2668.0
gz0,2669.0
gz34,2670.0
gz34,2671.0
gz0,2672.0
gz0,2673.0
gz34,2674.0
gz0,2675.0
gz0,2676.0
gz0,2677.0
gz0,2678.0
gz0,2679.0
gz0,2680.0
gz0,2681.0
gz0,2682.0
gz0,2683.0
gz0,2684.0
gz34,2685.0
gz34,2686.0
gz34,2687.0
gz34,2688.0
gz0,2689.0
gz0,2690.0
gz0,2691.0
gz0,2692.0
gz0,2693.0
gz0,2694.0
gz0,2695.0
gz0,2696.0
gz0,2697.0
gz0,2698.0
gz0,2699.0
gz0,2700.0
gz0,2701.0
gz0,2702.0
gz0,2703.0
gz0,2704.0
gz34,2705.0
gz34,2706.0
gz34,2707.0
gz34,2708.0
gz0,2709.0
gz0,2710.0
gz0,2711.0
gz0,2712.0
gz0,2713.0
gz0,2714.0
gz0,2715.0
gz34,2716.0
gz0,2717.0
gz0,2718.0
gz34,2719.0
gz0,2720.0
gz0,2721.0
gz0,2722.0
gz0,2723.0
gz0,2724.0
gz34,2725.0
gz34,2726.0
gz0,2727.0
gz0,2728.0
gz0,2729.0
gz0,2730.0
gz0,2731.0
gz0,2732.0
gz0,2733.0
gz0,2734.0
gz0,2735.0
gz0,2736.0
gz0,2737.0
gz0,2738.0
gz0,2739.0
gz0,2740.0
gz0,2741.0
gz0,2742.0
gz0,2743.0
gz0,2744.0
gz0,2745.0
gz0,2746.0
gz0,2747.0
gz0,2748.0
gz0,2749.0
gz0,2750.0
gz0,2751.0
gz0,2752.0
gz0,2753.0
gz0,2754.0
gz0,2755.0
gz0,2756.0
gz33,2757.0
gz33,2758.0
gz33,2759.0
gz33,2760.0
gz33,2761.0
gz33,2762.0
gz33,2763.0
gz33,2764.0
gz33,2765.0
gz0,2766.0
gz33,2767.0
gz33,2768.0
gz0,2769.0
gz0,2770.0
gz0,2771.0
gz0,2772.0
gz0,2773.0
gz0,2774.0
gz0,2775.0
gz0,2776.0
gz0,2777.0
gz0,2778.0
gz0,2779.0
gz0,2780.0
gz0,2781.0
gz0,2782.0
gz0,2783.0
gz0,2784.0
gz0,2785.0
gz0,2786.0
gz0,2787.0
gz0,2788.0
gz0,2789.0
gz0,2790.0
gz0,2791.0
gz0,2792.0
gz0,2793.0
gz0,2794.0
gz0,2795.0
gz0,2796.0
gz31,2797.0
gz0,2798.0
gz0,2799.0
gz0,2800.0
gz0,2801.0
gz0,2802.0
gz31,2803.0
gz31,2804.0
gz31,2805.0
gz0,2806.0
gz0,2807.0
gz0,2808.0
gz0,2809.0
gz0,2810.0
gz0,2811.0
gz0,2812.0
gz0,2813.0
gz0,2814.0
gz0,2815.0
gz0,2816.0
gz0,2817.0
gz0,2818.0
gz0,2819.0
gz0,2820.0
gz0,2821.0
gz0,2822.0
gz0,2823.0
gz0,2824.0
gz0,2825.0
gz0,2826.0
gz0,2827.0
gz0,2828.0
gz0,2829.0
gz0,2830.0
gz31,2831.0
gz31,2832.0
gz31,2833.0
gz31,2834.0
gz31,2835.0
gz31,2836.0
gz31,2837.0
gz31,2838.0
gz31,2839.0
gz31,2840.0
gz31,2841.0
gz31,2842.0
gz31,2843.0
gz31,2844.0
gz0,2845.0
gz0,2846.0
gz0,2847.0
gz0,2848.0
gz0,2849.0
gz0,2850.0
gz0,2851.0
gz0,2852.0
gz0,2853.0
gz0,2854.0
gz0,2855.0
gz0,2856.0
gz0,2857.0
gz0,2858.0
gz0,2859.0
gz0,2860.0
gz0,2861.0
gz0,2862.0
gz0,2863.0
gz0,2864.0
gz0,2865.0
gz0,2866.0
gz0,2867.0
gz0,2868.0
gz0,2869.0
gz0,2870.0
gz0,2871.0
gz0,2872.0
gz0,2873.0
gz0,2874.0
gz0,2875.0
gz0,2876.0
gz0,2877.0
gz0,2878.0
gz0,2879.0
gz0,2880.0
gz0,2881.0
gz0,2882.0
gz0,2883.0
gz0,2884.0
gz0,2885.0
gz0,2886.0
gz0,2887.0
gz0,2888.0
gz0,2889.0
gz0,2890.0
gz0,2891.0
gz0,2892.0
gz0,2893.0
gz0,2894.0
gz0,2895.0
gz0,2896.0
gz0,2897.0
gz0,2898.0
gz0,2899.0
gz0,2900.0
gz0,2901.0
gz0,2902.0
gz0,2903.0
gz0,2904.0
gz0,2905.0
gz0,2906.0
gz0,2907.0
gz0,2908.0
gz0,2909.0
gz0,2910.0
gz0,2911.0
gz0,2912.0
gz0,2913.0
gz0,2914.0
gz0,2915.0
gz0,2916.0
gz0,2917.0
gz0,2918.0
gz0,2919.0
gz0,2920.0
gz0,2921.0
gz0,2922.0
gz0,2923.0
gz0,2924.0
gz28,2925.0
gz0,2926.0
gz0,2927.0
gz0,2928.0
gz0,2929.0
gz0,2930.0
gz28,2931.0
gz28,2932.0
gz28,2933.0
gz28,2934.0
gz28,2935.0
gz28,2936.0
gz28,2937.0
gz28,2938.0
gz28,2939.0
gz28,2940.0
gz0,2941.0
gz0,2942.0
gz0,2943.0
gz0,2944.0
gz0,2945.0
gz0,2946.0
gz0,2947.0
gz0,2948.0
gz0,2949.0
gz0,2950.0
gz0,2951.0
gz0,2952.0
gz0,2953.0
gz0,2954.0
gz0,2955.0
gz0,2956.0
gz0,2957.0
gz0,2958.0
gz0,2959.0
gz0,2960.0
gz0,2961.0
gz0,2962.0
gz0,2963.0
gz0,2964.0
gz0,2965.0
gz0,2966.0
gz0,2967.0
gz0,2968.0
gz0,2969.0
gz0,2970.0
gz0,2971.0
gz0,2972.0
gz0,2973.0
gz0,2974.0
gz0,2975.0
gz0,2976.0
gz0,2977.0
gz0,2978.0
gz0,2979.0
gz0,2980.0
gz0,2981.0
gz0,2982.0
gz0,2983.0
gz0,2984.0
gz0,2985.0
gz0,2986.0
gz0,2987.0
gz0,2988.0
gz0,2989.0
gz0,2990.0
gz28,2991.0
gz28,2992.0
gz28,2993.0
gz28,2994.0
gz28,2995.0
gz28,2996.0
gz28,2997.0
gz28,2998.0
gz0,2999.0
gz0,3000.0
gz0,3001.0
gz0,3002.0
gz0,3003.0
gz0,3004.0
gz0,3005.0
gz0,3006.0
gz0,3007.0
gz0,3008.0
gz0,3009.0
gz0,3010.0
gz0,3011.0
gz0,3012.0
gz0,3013.0
gz0,3014.0
gz0,3015.0
gz0,3016.0
gz0,3017.0
gz0,3018.0
gz0,3019.0
gz0,3020.0
gz0,3021.0
gz0,3022.0
gz0,3023.0
gz0,3024.0
gz0,3025.0
gz0,3026.0
gz0,3027.0
gz0,3028.0
gz0,3029.0
gz0,3030.0
gz0,3031.0
gz0,3032.0
gz0,3033.0
gz0,3034.0
gz0,3035.0
gz0,3036.0
gz0,3037.0
gz0,3038.0
gz0,3039.0
gz0,3040.0
gz0,3041.0
gz0,3042.0
gz0,3043.0
gz0,3044.0
gz0,3045.0
gz0,3046.0
gz0,3047.0
gz0,3048.0
gz0,3049.0
gz0,3050.0
gz0,3051.0
gz0,3052.0
gz0,3053.0
gz0,3054.0
gz0,3055.0
gz0,3056.0
gz0,3057.0
gz0,3058.0
gz0,3059.0
gz0,3060.0
gz0,3061.0
gz0,3062.0
gz0,3063.0
gz0,3064.0
gz0,3065.0
gz0,3066.0
gz0,3067.0
gz0,3068.0
gz0,3069.0
gz0,3070.0
gz0,3071.0
gz0,3072.0
gz0,3073.0
gz0,3074.0
gz0,3075.0
gz0,3076.0
gz0,3077.0
gz0,3078.0
gz0,3079.0
gz0,3080.0
gz0,3081.0
gz0,3082.0
gz0,3083.0
gz0,3084.0
gz0,3085.0
gz0,3086.0
gz0,3087.0
gz0,3088.0
gz0,3089.0
gz0,3090.0
gz0,3091.0
gz0,3092.0
gz0,3093.0
gz0,3094.0
gz0,3095.0
gz0,3096.0
gz0,3097.0
gz0,3098.0
gz0,3099.0
gz0,3100.0
gz0,3101.0
gz0,3102.0
gz0,3103.0
gz0,3104.0
gz0,3105.0
gz0,3106.0
gz0,3107.0
gz0,3108.0
gz0,3109.0
gz0,3110.0
gz0,3111.0
gz0,3112.0
gz0,3113.0
gz0,3114.0
gz0,3115.0
gz0,3116.0
gz0,3117.0
gz0,3118.0
gz0,3119.0
gz0,3120.0
gz0,3121.0
gz0,3122.0
gz0,3123.0
gz0,3124.0
gz0,3125.0
gz1,3126.0
gz1,3127.0
gz1,3128.0
gz1,3129.0
gz1,3130.0
gz1,3131.0
gz1,3132.0
gz1,3133.0
gz1,3134.0
gz1,3135.0
gz1,3136.0
gz1,3137.0
gz1,3138.0
gz1,3139.0
gz0,3140.0
gz0,3141.0
gz0,3142.0
gz0,3143.0
gz0,3144.0
gz0,3145.0
gz0,3146.0
gz0,3147.0
gz0,3148.0
gz0,3149.0
gz0,3150.0
gz0,3151.0
gz0,3152.0
gz0,3153.0
gz0,3154.0
gz0,3155.0
gz0,3156.0
gz0,3157.0
gz0,3158.0
gz0,3159.0
gz0,3160.0
gz27,3161.0
gz0,3162.0
gz0,3163.0
gz0,3164.0
gz0,3165.0
gz0,3166.0
gz0,3167.0
gz0,3168.0
gz0,3169.0
gz12,3170.0
gz12,3171.0
gz12,3172.0
gz12,3173.0
gz0,3174.0
gz0,3175.0
gz0,3176.0
gz0,3177.0
gz0,3178.0
gz0,3179.0
gz0,3180.0
gz0,3181.0
gz0,3182.0
gz0,3183.0
gz12,3184.0
gz0,3185.0
gz12,3186.0
gz12,3187.0
gz0,3188.0
gz0,3189.0
gz0,3190.0
gz0,3191.0
gz0,3192.0
gz0,3193.0
gz27,3194.0
gz27,3195.0
gz0,3196.0
gz27,3197.0
gz27,3198.0
gz27,3199.0
gz0,3200.0
gz0,3201.0
gz0,3202.0
gz0,3203.0
gz0,3204.0
gz0,3205.0
gz27,3206.0
gz27,3207.0
gz27,3208.0
gz27,3209.0
gz0,3210.0
gz0,3211.0
gz0,3212.0
gz0,3213.0
gz0,3214.0
gz0,3215.0
gz0,3216.0
gz0,3217.0
gz0,3218.0
gz0,3219.0
gz0,3220.0
gz0,3221.0
gz0,3222.0
gz0,3223.0
gz26,3224.0
gz0,3225.0
gz0,3226.0
gz0,3227.0
gz0,3228.0
gz26,3229.0
gz26,3230.0
gz0,3231.0
gz26,3231.0
gz0,3232.0
gz24,3232.0
gz25,3233.0
gz0,3234.0
gz0,3235.0
gz0,3236.0
gz24,3236.0
gz26,3237.0
gz0,3238.0
gz0,3239.0
gz0,3240.0
gz24,3240.0
gz0,3241.0
gz0,3242.0
gz24,3243.0
gz0,3244.0
gz24,3244.0
gz0,3245.0
gz0,3246.0
gz0,3247.0
gz0,3248.0
gz0,3249.0
gz0,3250.0
gz0,3251.0
gz0,3252.0
gz23,3253.0
gz23,3254.0
gz0,3255.0
gz0,3256.0
gz0,3257.0
gz0,3258.0
gz0,3259.0
gz23,3260.0
gz0,3261.0
gz23,3261.0
gz0,3262.0
gz0,3263.0
gz0,3264.0
gz0,3265.0
gz0,3266.0
gz0,3267.0
gz0,3268.0
gz0,3269.0
gz0,3270.0
gz0,3271.0
gz0,3272.0
gz0,3273.0
gz0,3274.0
gz0,3275.0
gz0,3276.0
gz0,3277.0
gz0,3278.0
gz0,3279.0
gz0,3280.0
gz0,3281.0
gz0,3282.0
gz0,3283.0
gz0,3284.0
gz0,3285.0
gz0,3286.0
gz0,3287.0
gz0,3288.0
gz0,3289.0
gz0,3290.0
gz0,3291.0
gz0,3292.0
gz0,3293.0
gz0,3294.0
gz0,3295.0
gz0,3296.0
gz0,3297.0
gz0,3298.0
gz0,3299.0
gz0,3300.0
gz0,3301.0
gz0,3302.0
gz0,3303.0
gz0,3304.0
gz0,3305.0
gz0,3306.0
gz0,3307.0
gz0,3308.0
gz0,3309.0
gz0,3310.0
gz0,3311.0
gz0,3312.0
gz0,3313.0
gz0,3314.0
gz0,3315.0
gz0,3316.0
gz0,3317.0
gz0,3318.0
gz0,3319.0
gz0,3320.0
gz0,3321.0
gz0,3322.0
gz0,3323.0
gz0,3324.0
gz0,3325.0
gz0,3326.0
gz0,3327.0
gz0,3328.0
gz0,3329.0
gz0,3330.0
gz0,3331.0
gz0,3332.0
gz0,3333.0
gz0,3334.0
gz0,3335.0
gz0,3336.0
gz0,3337.0
gz0,3338.0
gz0,3339.0
gz0,3340.0
gz0,3341.0
gz0,3342.0
gz0,3343.0
gz0,3344.0
gz0,3345.0
gz0,3346.0
gz0,3347.0
gz0,3348.0
gz0,3349.0
gz0,3350.0
gz0,3351.0
gz0,3352.0
gz0,3353.0
gz0,3354.0
gz0,3355.0
gz0,3356.0
gz0,3357.0
gz0,3358.0
gz0,3359.0
gz0,3360.0
gz0,3361.0
gz0,3362.0
gz0,3363.0
gz0,3364.0
gz0,3365.0
gz0,3366.0
gz0,3367.0
gz0,3368.0
gz0,3369.0
gz0,3370.0
gz0,3371.0
gz0,3372.0
gz0,3373.0
gz0,3374.0
gz0,3375.0
gz0,3376.0
gz0,3377.0
gz0,3378.0
gz0,3379.0
gz0,3380.0
gz0,3381.0
gz0,3382.0
gz0,3383.0
gz0,3384.0
gz0,3385.0
gz0,3386.0
gz0,3387.0
gz0,3388.0
gz0,3389.0
gz0,3390.0
gz0,3391.0
gz0,3392.0
gz0,3393.0
gz0,3394.0
gz0,3395.0
gz0,3396.0
gz0,3397.0
gz0,3398.0
gz0,3399.0
gz0,3400.0
gz0,3401.0
gz0,3402.0
gz0,3403.0
gz0,3404.0
gz0,3405.0
gz0,3406.0
gz0,3407.0
gz0,3408.0
gz0,3409.0
gz0,3410.0
gz0,3411.0
gz0,3412.0
gz0,3413.0
gz0,3414.0
gz0,3415.0
gz0,3416.0
gz0,3417.0
gz0,3418.0
gz0,3419.0
gz0,3420.0
gz0,3421.0
gz0,3422.0
gz0,3423.0
gz0,3424.0
gz0,3425.0
gz0,3426.0
gz0,3427.0
gz0,3428.0
gz0,3429.0
gz0,3430.0
gz0,3431.0
gz0,3432.0
gz0,3433.0
gz0,3434.0
gz0,3435.0
gz0,3436.0
gz0,3437.0
gz0,3438.0
gz0,3439.0
gz0,3440.0
gz0,3441.0
gz0,3442.0
gz0,3443.0
gz0,3444.0
gz0,3445.0
gz0,3446.0
gz0,3447.0
gz0,3448.0
gz0,3449.0
gz0,3450.0
gz0,3451.0
gz0,3452.0
gz0,3453.0
gz0,3454.0
gz0,3455.0
gz0,3456.0
gz0,3457.0
gz0,3458.0
gz0,3459.0
gz0,3460.0
gz0,3461.0
gz0,3462.0
gz0,3463.0
gz0,3464.0
gz0,3465.0
gz0,3466.0
gz0,3467.0
gz0,3468.0
gz0,3469.0
gz0,3470.0
gz0,3471.0
gz0,3472.0
gz0,3473.0
gz0,3474.0
gz0,3475.0
gz0,3476.0
gz0,3477.0
gz0,3478.0
gz0,3479.0
gz0,3480.0
gz0,3481.0
gz0,3482.0
gz0,3483.0
gz0,3484.0
gz0,3485.0
gz0,3486.0
gz0,3487.0
gz0,3488.0
gz0,3489.0
gz0,3490.0
gz0,3491.0
gz0,3492.0
gz0,3493.0
gz0,3494.0
gz0,3495.0
gz0,3496.0
gz0,3497.0
gz0,3498.0
gz0,3499.0
gz0,3500.0
gz0,3501.0
gz0,3502.0
gz0,3503.0
gz0,3504.0
gz0,3505.0
gz0,3506.0
gz0,3507.0
gz3,3507.0
gz0,3508.0
gz0,3509.0
gz3,3509.0
gz3,3510.0
gz0,3511.0
gz3,3511.0
gz0,3512.0
gz3,3512.0
gz0,3513.0
gz0,3514.0
gz0,3515.0
gz0,3516.0
gz0,3517.0
gz0,3518.0
gz0,3519.0
gz0,3520.0
gz0,3521.0
gz0,3522.0
gz0,3523.0
gz0,3524.0
gz0,3525.0
gz0,3526.0
gz0,3527.0
gz0,3528.0
gz0,3529.0
gz0,3530.0
gz0,3531.0
gz0,3532.0
gz0,3533.0
gz0,3534.0
gz0,3535.0
gz0,3536.0
gz0,3537.0
gz0,3538.0
gz0,3539.0
gz0,3540.0
gz0,3541.0
gz0,3542.0
gz0,3543.0
gz0,3544.0
gz0,3545.0
gz0,3546.0
gz0,3547.0
gz0,3548.0
gz0,3549.0
gz0,3550.0
gz0,3551.0
gz0,3552.0
gz0,3553.0
gz0,3554.0
gz0,3555.0
gz0,3556.0
gz0,3557.0
gz0,3558.0
gz0,3559.0
gz0,3560.0
gz0,3561.0
gz0,3562.0
gz0,3563.0
gz0,3564.0
gz0,3565.0
gz0,3566.0
gz0,3567.0
gz0,3568.0
gz0,3569.0
gz21,3570.0
gz0,3571.0
gz22,3572.0
gz0,3573.0
gz0,3574.0
gz0,3575.0
gz0,3576.0
gz0,3577.0
gz0,3578.0
gz0,3579.0
gz0,3580.0
gz22,3581.0
gz0,3582.0
gz0,3583.0
gz0,3584.0
gz21,3585.0
gz21,3586.0
gz0,3587.0
gz22,3587.0
gz0,3588.0
gz0,3589.0
gz21,3589.0
gz0,3590.0
gz0,3591.0
gz0,3592.0
gz0,3593.0
gz0,3594.0
gz0,3595.0
gz0,3596.0
gz0,3597.0
gz0,3598.0
gz0,3599.0
gz22,3600.0
gz0,3601.0
gz0,3602.0
gz0,3603.0
gz0,3604.0
gz0,3605.0
gz0,3606.0
gz0,3607.0
gz0,3608.0
gz0,3609.0
gz0,3610.0
gz0,3611.0
gz0,3612.0
gz0,3613.0
gz0,3614.0
gz41,3614.0
gz41,3615.0
gz0,3616.0
gz0,3617.0
gz40,3618.0
gz40,3619.0
gz40,3620.0
gz0,3621.0
gz0,3622.0
gz0,3623.0
gz0,3624.0
gz0,3625.0
gz0,3626.0
gz0,3627.0
gz0,3628.0
gz0,3629.0
gz0,3630.0
gz0,3631.0
gz0,3632.0
gz0,3633.0
gz0,3634.0
gz0,3635.0
gz0,3636.0
gz0,3637.0
gz0,3638.0
gz0,3639.0
gz14,3639.0
gz2,3639.0
gz13,3640.0
gz2,3640.0
gz13,3641.0
gz2,3641.0
gz13,3642.0
gz2,3642.0
gz0,3643.0
gz14,3644.0
gz0,3645.0
gz14,3645.0
gz0,3646.0
gz0,3647.0
gz0,3648.0
gz0,3649.0
gz0,3650.0
gz0,3651.0
gz0,3652.0
gz0,3653.0
gz0,3654.0
gz0,3655.0
gz0,3656.0
gz0,3657.0
gz0,3658.0
gz0,3659.0
gz0,3660.0
gz0,3661.0
gz0,3662.0
gz0,3663.0
gz0,3664.0
gz0,3665.0
gz0,3666.0
gz0,3667.0
gz0,3668.0
gz0,3669.0
gz0,3670.0
gz0,3671.0
gz0,3672.0
gz0,3673.0
gz0,3674.0
gz0,3675.0
gz0,3676.0
gz0,3677.0
gz0,3678.0
gz0,3679.0
gz0,3680.0
gz0,3681.0
gz0,3682.0
gz0,3683.0
gz0,3684.0
gz0,3685.0
gz0,3686.0
gz0,3687.0
gz0,3688.0
gz0,3689.0
gz0,3690.0
gz0,3691.0
gz0,3692.0
gz0,3693.0
gz0,3694.0
gz0,3695.0
gz0,3696.0
gz0,3697.0
gz0,3698.0
gz0,3699.0
gz0,3700.0
gz0,3733.0
gz0,3734.0
gz0,3735.0
gz0,3736.0
gz0,3737.0
gz0,3738.0
gz0,3739.0
gz0,3740.0
gz0,3741.0
gz0,3742.0
gz0,3743.0
gz0,3744.0
gz0,3745.0
gz0,3746.0
gz0,3747.0
gz0,3748.0
gz0,3749.0
gz0,3750.0
