taz_pc,taz_psrc,pctshare
1,3159,1
2,3161,0.4601061295007293
3,3167,0.3953746105782052
4,3225,1
5,3226,1
6,3229,0.4631521010483715
7,3229,0.5368478989516284
8,3294,0.1557526426455166
9,3295,1
10,3296,1
11,3297,0.28172803257284823
12,3297,0.08150995414244686
13,3297,0.27576654344460383
14,3297,0.2660690424296265
15,3297,0.09492642741047459
16,3298,0.10478827209618012
17,3306,0.07110252709111542
18,3306,0.060205565769453885
19,3306,0.0335493947465914
20,3307,2.9069797416755844e-4
21,3307,0.02341521037554194
22,3307,0.12606195191233527
23,3308,0.14907463808099922
24,3308,0.27425024571893436
25,3308,0.030773666934025303
26,3308,0.12028762536846674
27,3308,0.0938885281527394
28,3308,0.0189018893849867
29,3308,0.08186994007253967
30,3309,0.17685463077505625
31,3309,0.2193995850661956
32,3309,0.33861596498681923
33,3309,0.2044288681399522
34,3309,0.06070095103197671
35,3310,0.29068720946064897
36,3310,0.15024470447122912
37,3300,0.6942080168772348
38,3301,1
39,3303,0.38465736444195425
40,3420,1
41,3071,1
41,3073,1
42,3074,1
43,3075,0.5619393948250209
44,3075,0.17293637458530806
45,3075,0.2651242305896711
46,3465,0.5883883251030307
47,3465,0.41161167489696915
48,3141,1
49,3145,1
50,3146,1
51,3147,1
52,3148,1
53,3149,1
54,3150,1
55,3151,1
56,3172,1
57,3173,1
58,3174,1
59,3175,1
60,3218,1
61,3122,1
62,3124,1
63,3125,1
64,3128,1
65,3129,1
66,3130,1
67,3131,1
68,3132,1
69,3136,1
70,3176,1
71,3177,1
72,3178,1
73,3179,1
74,3180,1
75,3181,1
76,3182,1
77,3183,1
78,3213,0.5774664294389927
79,3213,0.4225335705610073
80,3214,1
81,2937,1
82,2938,1
83,2948,1
84,2949,1
85,2967,1
86,2969,1
87,2970,1
88,2704,0.3451206038042625
89,2706,0.7297121969603696
90,2707,0.44395506412995367
91,2707,0.19900814564828054
92,2707,0.35703679022176577
93,2710,1
94,2711,1
95,2712,1
96,2713,0.7868648251217972
97,2719,1
98,2720,1
99,2721,1
100,2722,1
101,2723,1
102,2724,1
103,2725,1
104,2728,1
105,2729,1
106,2738,1
107,2739,1
108,2998,0.9548857075543179
109,2999,1
110,3000,1
111,3001,1
112,3002,1
113,3003,1
114,3005,1
115,3006,1
116,3007,0.5940829913231324
117,3007,0.40591700867686764
118,3008,1
119,3009,1
120,3010,0.6426464331514565
121,3010,0.35735356684854347
122,3011,0.20019967086267998
123,3012,1
124,3013,1
125,3016,1
126,3017,1
127,3018,1
128,3019,1
129,3020,1
130,3021,1
131,3022,1
132,3023,1
133,3024,1
134,3025,1
135,3026,0.31091023366139103
136,3026,0.4035685859231976
137,3026,0.2855211804154114
138,3027,0.6067226485131866
139,3027,0.39327735148681336
140,3028,0.6452712283288848
141,3028,0.3547287716711151
142,3029,0.9073132192675434
143,3029,0.09268678073245658
144,3039,1
145,3040,1
146,3041,1
147,3042,1
148,3043,1
149,3044,1
150,3045,1
151,3046,1
152,3047,1
153,3048,1
154,3049,1
155,3050,1
156,3051,1
157,3052,1
158,3053,1
159,3054,0.6625246678323712
160,3054,0.3374753321676288
161,3055,0.5302077176973199
162,3055,0.4697922823026801
163,3056,1
164,3057,1
165,3058,1
166,3059,0.771506777585805
167,3059,0.22849322241419506
168,3060,1
169,3061,1
170,3062,1
171,3063,1
172,3064,1
173,3065,1
174,3066,1
175,3067,1
176,3068,1
177,3069,1
178,3343,1
179,3345,0.5230327254929588
180,3345,0.4769672745070412
181,3347,1
182,3133,1
183,3134,1
184,3137,1
185,3138,1
186,3139,1
187,3140,1
188,3142,1
189,3143,1
190,3144,1
191,3412,0.14964833804563377
192,3412,0.17119984764161778
193,3413,0.06425975732838712
194,3413,0.05984834591657818
195,3413,0.020114967876764245
196,3413,0.0547932338710414
197,3422,1
198,3152,1
199,3153,1
200,3154,1
201,3155,1
202,3215,1
203,3216,1
204,3217,1
205,3232,1
206,3235,0.6995324068919269
207,3235,0.18006579960861893
208,3235,0.12040179349945421
209,3236,1
210,3237,1
211,3238,0.5817905207282937
212,3238,0.4182094792717062
213,3239,0.4473246213570999
214,3239,0.3539947509431899
215,3239,0.1118502925255618
216,3239,0.0868303351741484
217,3240,1
218,3241,0.161082922764265
219,3241,0.37485016532747817
220,3241,0.05411499482704239
221,3241,0.14603367025355243
222,3241,0.07497530137399955
223,3241,0.05683434750558626
224,3241,0.062057381483295
225,3241,0.07005121646478116
226,3242,0.7407368221530418
227,3242,0.2592631778469582
228,3243,0.7758267694422966
229,3243,0.10328280103332486
230,3244,0.6077300795332037
231,3244,0.39226992046679626
232,3245,0.4506447798949655
233,3246,0.19949775153738353
234,3278,0.3049977890148239
235,3280,0.44148315793279747
236,3280,0.28031035183855774
237,3280,0.2782064902286448
238,3281,0.3041977170154655
239,3281,0.2430224357546494
240,3281,0.10623711923128326
241,3281,0.2721405978527197
242,3281,0.0744021301458821
243,3282,0.7924219979960476
244,3282,0.20757800200395235
245,3283,1
246,3284,1
247,3285,1
248,3286,0.5544166491316915
249,3286,0.44558335086830847
250,3287,0.689752950065733
251,3287,0.31024704993426705
252,3288,1
253,3289,1
254,3291,0.2497332647935255
255,3292,0.2662188735351917
256,3292,0.28547123513526634
257,3292,0.1428594887343078
258,3292,0.16565271290093414
259,3313,0.5561153635901107
260,3313,0.24342913089092486
261,3313,0.20045550551896446
262,3314,0.3410922427281861
263,3314,0.31850571672717654
264,3314,0.05877574958146231
265,3314,0.05877314048229898
266,3314,0.22285315048087606
267,3315,0.6147523311933591
268,3315,0.2360238086832855
269,3315,0.1492238601233553
270,3316,0.8155339258374436
271,3316,0.1844660741625564
272,3317,1
273,3318,0.31257803571851284
274,3318,0.07034229416044493
275,3318,0.0178959675970206
276,3318,0.16223023935962289
277,3318,0.32714000235376794
278,3318,0.10981346081063074
279,3319,0.2665880427968848
280,3374,0.0847322241799171
282,3375,0.1109232356139977
283,3375,0.0844775474009702
284,3375,0.03159862313656835
285,3375,0.09383585649136283
286,3375,0.021356698019968926
287,3375,0.0716143314720232
288,3375,0.058619769610193724
289,2757,1
290,3417,0.015735654535572425
291,3004,1
292,3030,0.45451194869584305
293,3031,1
294,3032,1
295,3033,1
296,3034,1
297,3035,1
298,3036,1
299,3037,0.375827838794522
300,3156,1
301,3157,1
302,3158,1
303,3169,1
304,3170,0.47862862352046137
305,3170,0.5213713764795387
306,3171,0.5341940397325649
307,3171,0.46580596026743515
308,3220,1
309,3221,0.5119060923234455
310,3221,0.4880939076765545
311,3222,1
312,3223,0.7539438084054658
313,3223,0.2460561915945342
314,3224,0.08181798858533033
315,3230,0.5939688735541312
316,3230,0.40603112644586875
317,3231,0.5455183290040687
318,3231,0.45448167099593123
319,3290,1
320,3293,0.025746363799241664
321,3294,0.016903512395609596
322,3084,1
323,3095,1
324,3096,1
325,3097,1
326,3098,1
327,3099,1
328,3100,1
329,3101,1
330,3102,1
331,3103,1
332,3104,1
333,3105,1
334,3106,1
335,3113,1
336,3117,1
337,3120,1
338,3123,1
339,3126,1
340,2805,1
341,2806,1
342,2807,1
343,2863,1
344,2864,1
345,2865,1
346,2866,1
347,2867,1
348,2868,1
349,2869,1
350,2870,1
351,2871,1
352,2872,1
353,2874,1
354,2875,1
355,2876,1
356,2877,1
357,2878,1
358,2879,1
359,2880,1
360,2881,1
361,2882,1
362,2883,1
363,2884,1
364,2885,1
365,2886,1
366,2887,1
367,2888,1
368,2889,1
369,2890,1
370,2891,1
371,2892,1
372,2893,1
373,2897,1
374,2898,1
375,2899,1
376,2900,1
377,2901,1
378,2902,1
379,2903,1
380,2904,1
381,2905,1
382,2906,1
383,2907,1
384,2908,1
385,2909,1
386,2910,1
387,2911,1
388,2912,1
389,2914,1
390,2915,1
391,2916,1
392,2917,1
393,2918,1
394,3108,1
395,3110,1
396,2873,1
397,2913,1
398,2754,1
399,2755,1
400,2756,1
401,2758,1
402,2759,1
403,2761,1
404,2762,1
405,2763,1
406,2764,1
407,2765,1
408,2766,1
409,2767,1
410,2768,1
411,2769,1
412,2770,1
413,2771,1
414,2772,1
415,2773,1
416,2774,1
417,2775,1
418,2776,1
419,2777,1
420,2778,1
421,2779,1
422,2780,1
423,2781,1
424,2782,1
425,2783,1
426,2784,1
427,2785,1
428,2786,1
429,2787,1
430,2788,1
431,2789,1
432,2790,1
433,2791,1
434,2792,1
435,2793,1
436,2794,1
437,2795,1
438,2796,1
439,2797,1
440,2798,1
441,2799,1
442,2800,1
443,2801,1
444,2802,1
445,2803,1
446,2804,1
447,2808,1
448,2809,1
449,2810,1
450,2811,1
451,2812,1
452,2813,1
453,2814,1
454,2815,1
455,2816,1
456,2817,1
457,2818,1
458,2819,1
459,2820,1
460,2821,1
461,2822,1
462,2823,1
463,2824,1
464,2825,1
465,2826,1
466,2827,1
467,2828,1
468,2829,1
469,2830,1
470,2831,1
471,2832,1
472,2833,1
473,2834,1
474,2835,1
475,2836,1
476,2837,1
477,2838,1
478,2839,1
479,2840,1
480,2841,1
481,2842,1
482,2843,1
483,2844,1
484,2845,1
485,2846,1
486,2847,1
487,2848,1
488,2849,1
489,2850,1
490,2851,1
491,2852,1
492,2853,1
493,2854,1
494,2855,1
495,2856,1
496,2857,1
497,2858,1
498,2859,1
499,2860,1
500,2861,1
501,2862,1
502,2894,1
503,2895,1
504,2896,1
505,2919,1
506,2920,1
507,2921,1
508,2922,1
509,2923,1
510,2924,1
511,2925,1
512,2926,1
513,2927,1
514,2928,1
515,2929,1
516,2930,1
517,2931,1
518,2932,1
519,2933,1
520,2934,1
521,2935,1
522,2936,1
523,2943,1
524,2950,1
525,2951,1
526,2952,1
527,2953,1
528,2954,1
529,2955,1
530,2956,1
531,2957,1
532,2958,1
533,2959,1
534,2960,1
535,2961,1
536,2962,1
537,2963,1
538,2964,1
539,2965,1
540,2966,1
541,2990,1
542,2991,1
543,2992,1
544,2993,1
545,2994,1
546,2995,1
547,2996,1
548,2997,1
549,2998,0.04511429244568212
550,3011,0.4148985015476388
551,3011,0.3849018275896813
552,3014,1
553,3015,1
554,3080,1
555,3081,1
556,3082,1
557,3083,1
558,3085,1
559,3086,1
560,3087,1
561,3088,1
562,3089,1
563,3090,1
564,3091,1
565,3092,1
566,3093,1
567,3107,1
568,3109,1
569,3111,1
570,3112,1
571,3114,1
572,3115,1
573,3116,1
574,3118,1
575,3119,1
576,3121,1
577,3127,1
578,3184,1
579,3185,1
580,3186,1
581,3187,1
582,3188,1
583,3189,1
584,3190,1
585,3191,1
586,3192,1
587,3193,1
588,3194,1
589,3195,1
590,3196,1
591,3197,1
592,3198,1
593,3199,1
594,3200,1
595,3201,1
596,3202,1
597,3203,1
598,3204,1
599,3205,1
600,3206,1
601,3207,1
602,3208,1
603,3209,1
604,3250,1
605,3251,1
606,3252,1
607,3253,1
608,3254,1
609,3255,1
610,3256,1
611,3257,1
612,3258,1
613,3259,1
614,3260,1
615,3261,1
616,3262,1
617,3263,1
618,3264,1
619,3265,1
620,3266,1
621,3267,1
622,3268,1
623,3269,1
624,3272,0.11400923132942965
625,3339,0.30516798817534796
626,2939,1
627,2940,1
628,2941,1
629,2942,1
630,2944,1
631,2945,1
632,2946,1
633,2947,1
634,2968,1
635,2971,1
636,2972,1
637,2973,1
638,2974,1
639,2975,1
640,2976,1
641,2977,1
642,2978,1
643,2979,1
644,2980,1
645,2981,1
646,2982,1
647,2983,1
648,2984,1
649,2985,1
650,2986,1
651,2987,1
652,2988,1
653,2989,1
654,3076,1
655,3077,1
656,3162,0.5596094306191656
657,3163,0.8495814832700537
658,3163,0.15041851672994633
659,3164,1
660,3165,1
661,3166,0.20172668567955904
662,3166,0.798273314320441
663,3167,0.6046253894217949
664,3224,0.9181820114146697
665,3227,0.6131128414977337
666,3227,0.2934970706581356
667,3227,0.09339008784413083
668,3228,0.5994854792492641
669,3228,0.4005145207507359
670,3291,0.21079023293165128
671,3292,0.12122367609902121
672,3292,0.018574013595278816
673,3293,0.4825706088757029
674,3293,0.19542276183652854
675,3293,0.12705595374071568
676,3293,0.16920431174781117
677,3294,0.290112697822364
678,3294,0.008522044693084844
679,3294,0.11189383302623444
680,3294,0.14699250040684042
681,3294,0.09863936616081159
682,3294,0.1711834028495385
683,3298,0.5888694620602462
684,3298,0.30634226584357377
685,3299,0.7025623835421742
686,3299,0.2974376164578259
687,3300,0.3057919831227653
688,3302,0.7457792098280368
689,3302,0.25422079017196314
690,3303,0.6153426355580457
691,3304,0.5815825232875192
692,3304,0.4184174767124807
693,3305,0.597512904569698
694,3305,0.40248709543030203
695,3306,0.2021668394051924
696,3306,0.17402573182652806
697,3306,0.2733598349309607
698,3306,0.10078207434780104
699,3306,0.08480803188235705
700,3310,0.5590680860681219
701,3311,0.6397021810238688
702,3311,0.03354495855217438
703,3311,0.058706999966628634
704,3311,0.19145163112811034
705,3311,0.07659422932921792
706,3312,0.2860242117344324
707,3377,0.1715494216730436
708,3377,0.12359367609538863
709,3412,0.3055063685640296
710,3412,0.05275774651559142
711,3412,0.059697525419556634
712,3424,0.10780704451050405
713,3412,0.26119017381357085
714,3413,0.06545341169579345
715,3414,0.021019412738299766
716,3415,0.09737072890644877
717,3416,0.1308712613285999
718,3416,0.19767355915436102
719,3416,0.16476870191614765
720,3416,0.15004503428207788
721,3416,0.11813105574626426
722,3416,0.12449712676013175
723,3416,0.1140132608124175
724,3417,0.9842643454644275
725,3418,1
726,3419,1
727,3421,1
728,3423,0.1899416642533345
729,3423,0.1464342345618952
730,3423,0.060658883134033746
731,3423,0.19594718320232826
732,3423,0.1484685464658125
733,3423,0.09861964251527881
734,3423,0.15992984586731698
735,3426,0.23750913958983177
736,3426,0.1513538078411599
737,3426,0.31743971150294337
738,3426,0.18528268859631317
739,3426,0.07871080216421501
740,3426,0.029703850305536777
741,3428,0.24240977905536207
742,3428,0.042536949499816394
743,3428,0.07302457491605133
744,3428,0.1899551380406961
745,3429,0.1670487042838357
746,3431,0.4500504393154133
747,3431,0.3412287458194645
748,3433,0.3927337126947622
749,3433,0.3423693569537115
750,3437,0.7398161949886533
751,3438,1
752,3357,0.6086390986088622
753,3439,0.5995769965768373
754,3439,0.40042300342316267
755,3440,0.2964055843600807
756,3440,0.41333561551954723
757,3440,0.12362082084289647
758,3440,0.16663797927747562
759,3441,0.29588510618529784
760,3441,0.1436102713777818
761,3441,0.17756544235373042
762,3441,0.08910608412886496
763,3441,0.15848876063395567
764,3441,0.1353443353203693
765,3442,0.4223979082084978
766,3442,0.24122970571491667
767,3442,0.33637238607658554
768,3443,0.16395795102590446
769,3443,0.1673561207453111
770,3443,0.05154394313430943
771,3443,0.09369667312403866
772,3443,0.1789903797559422
773,3443,0.17320369225975513
774,3443,0.171251239954739
775,3444,0.4315180067722929
776,3444,0.2646722463965441
777,3444,0.303809746831163
778,3445,1
779,3446,0.6794150287781745
780,3446,0.32058497122182555
781,3447,1
782,3448,1
783,3449,0.986883625994928
784,3449,0.013116374005072118
785,3450,1
786,3451,0.7081978047757802
787,3451,0.29180219522421985
788,3452,0.6986256413714218
789,3452,0.3013743586285782
790,3453,0.49239950643756425
791,3453,0.5076004935624358
792,3454,1
793,3455,1
794,3456,1
795,3457,1
796,3458,1
797,3459,1
798,3460,0.46411250587855474
799,3460,0.3065738138916875
800,3460,0.2293136802297578
801,3461,0.5095824072934606
802,3461,0.34885993038939633
803,3461,0.1415576623171431
804,3462,0.2881714390092951
805,3462,0.4786298067828444
806,3462,0.23319875420786054
807,3463,1
808,3464,1
809,3466,0.654937700311588
810,3466,0.30197075339466284
811,3466,0.04309154629374908
812,2692,1
813,2693,1
814,3072,1
815,3210,0.5670305427843726
816,3210,0.2678607762879852
817,3210,0.16510868092764217
818,3211,0.4765574398088267
819,3211,0.5234425601911733
820,3212,0.4080265003797599
821,3212,0.1073637293186896
822,3212,0.226908969693509
823,3212,0.07841013858798823
824,3212,0.033004976513050246
825,3212,0.008640225398109517
826,3212,0.13764546010889347
827,3246,0.8005022484626165
828,3247,0.5683229373653744
829,3247,0.43167706263462563
830,3248,0.3680403740126726
831,3248,0.2675429107194882
832,3248,0.32295441513545653
833,3248,0.04146230013238265
834,3249,0.2901893052897625
835,3249,0.44109946507932773
836,3249,0.1765188070887115
837,3249,0.09219242254219824
838,3274,0.5413071798325585
839,3275,0.2528160140461126
840,3275,0.46189772204499857
841,3275,0.24194854143076142
842,3276,0.3518561512539364
843,3276,0.36914890910374726
844,3276,0.27899493964231636
845,3277,0.25013876007986474
846,3277,0.3434143877371327
847,3277,0.4064468521830026
848,3278,0.37671159782273095
849,3278,0.31829061316244517
850,3279,0.35186558075622354
851,3279,0.3137366718979626
852,3320,0.1467824491280767
853,3320,0.18828177422627607
854,3320,0.2571636203106088
855,3320,0.15524719211847088
856,3321,0.35679698705053653
857,3321,0.23645194846829226
858,3323,0.3212359343357053
859,3323,0.08480276911385402
860,3323,0.3178462286941566
861,3323,0.2761150678562841
862,3324,0.5390384364254253
863,3324,0.37901999106204887
864,3326,0.39449951031219443
865,3326,0.1445676378260811
866,3326,0.29017264794637837
867,3327,0.4176654807290364
868,3327,0.3020934831995157
869,3369,0.2689516619653043
870,3369,0.16906436010699102
871,3369,0.12985790237876274
872,3369,0.0756735285143282
873,3369,0.09641007683509224
874,3370,0.17609573278510723
875,3370,0.17103645749376026
876,3370,0.09784975070329963
877,3370,0.17973773142385518
878,3370,0.1723794469928964
879,3370,0.07527289524067092
880,3370,0.022034544690507606
881,3387,0.11163217869253322
882,3387,0.09846750309965052
883,3387,0.323809779258236
884,3387,0.11637570679717976
885,3387,0.06266500503842294
886,3387,0.11122660287314677
887,3388,0.27292384626739735
888,3388,0.19248239991689736
889,3388,0.40403816282408056
890,3388,0.13055559099162473
891,3413,0.08005932313462531
892,3414,0.062117047636345006
893,3414,0.039675666426521664
894,3414,0.08739354656223076
895,3414,0.10045303113376587
896,3414,0.015198217698866045
897,2669,1
898,2670,1
899,2671,1
900,2672,1
901,2673,1
902,2674,1
903,2675,1
904,2676,1
905,2677,0.7744847867982119
906,2677,0.2255152132017881
907,2678,1
908,2679,1
909,2680,1
910,2681,1
911,2682,1
912,2683,1
913,2684,0.38313173823203894
914,2684,0.23368629075269376
915,2684,0.3831819710152673
916,2685,1
917,2686,0.5705950638174416
918,2686,0.12403823922164157
919,2686,0.3053666969609168
920,2687,1
921,2688,1
922,2689,0.2824225549618808
923,2689,0.3644764016433624
924,2689,0.29473636765705963
925,2689,0.05836467573769721
926,2690,0.7721078113889911
927,2690,0.2278921886110089
928,2691,1
929,2694,1
930,2695,1
931,2696,1
932,2697,1
933,2698,0.19375240654174367
934,2698,0.8062475934582564
935,2699,0.8175950485790675
936,2699,0.18240495142093247
937,2700,1
938,2701,0.514423036009603
939,2702,0.42973877818583983
940,2704,0.6548793961957375
941,2708,0.4306810535255459
942,2709,0.5141876828579768
943,2714,0.46379051362715057
944,2714,0.35170883359978
945,2714,0.1845006527730694
946,2715,1
947,2716,1
948,2717,0.247622776515949
949,2717,0.3831427152133751
950,2717,0.36923450827067583
951,2718,1
952,2730,1
953,2731,1
954,2732,0.3925654413529785
955,2732,0.24687573849026231
956,2732,0.36055882015675916
957,2733,1
958,2734,1
959,2735,1
960,2736,1
961,2737,0.6843531889752166
962,2737,0.3156468110247834
963,2741,1
964,2742,1
965,2743,1
966,2744,0.5782001864621052
967,2744,0.42179981353789475
968,2745,0.6327939442996326
969,2745,0.36720605570036735
970,2746,1
971,2747,1
972,2748,1
973,2749,1
974,2750,1
975,2751,1
976,2752,0.5913094341692832
977,2752,0.4086905658307169
978,2753,1
979,3350,0.09090909090909091
980,3351,1
981,3352,1
982,3353,1
983,3354,1
984,3355,0.09090909090909091
985,3355,0.9090909090909092
986,3356,1
987,3357,0.016759455512233103
988,3070,1
989,3346,1
990,3348,1
991,3349,1
992,3406,0.05095261715838656
993,3406,0.04443708164507433
994,3406,0.035338671543519745
995,3406,0.04071108702820089
996,3430,0.00980392156862745
997,3430,0.018915361628613004
998,3430,0.1503189044509077
999,3430,0.10787022268530382
1000,3430,0.00980392156862745
1001,3430,0.015634171872091315
1002,3430,0.15055032994203585
1003,3430,0.04009158024319002
1004,3432,0.0522768849616661
1005,3432,0.04108113980913097
1006,3432,0.04848896452868763
1007,3432,0.04193334899694083
1008,3432,0.044967800685771595
1009,3432,0.012814662543886668
1010,3432,0.04244042955009378
1011,3432,0.019517370321173313
1012,3432,0.03793970773337886
1013,3432,0.035033993585019005
1014,3432,0.02342972315572884
1015,3432,0.030928187251136642
1016,3432,0.064027437529715
1017,3432,0.03235203092959915
1018,3432,0.030410158683484824
1019,3432,0.007546052082320459
1020,3432,0.0349035663932618
1021,3432,0.026687162522534568
1022,3432,0.029501936398238865
1023,3432,0.049209728104786896
1024,3432,0.057882268385089856
1025,3432,0.010639896171159915
1026,3432,0.01801059485423413
1027,3432,0.01937530073767629
1028,3432,0.024821185708855352
1029,3432,0.013372363197904387
1030,3432,0.023665996584913855
1031,3434,0.03613433914868767
1032,3434,0.08075187470835207
1033,3434,0.03021278829321527
1034,3434,0.05163316888085333
1035,3434,0.04952890706819966
1036,3434,0.06060796195690145
1037,3413,0.03958399674709088
1038,3413,0.16743522477311534
1039,3413,0.21663281569199394
1040,3413,0.00028649967258985416
1041,3413,0.09537411276953
1042,3413,0.12574626714345288
1043,3413,0.010412043379037334
1044,3414,0.06455338323787406
1045,3414,0.04964696530362306
1046,3414,0.04726960038834318
1047,3414,0.03088839520865589
1048,3414,0.10297988454688287
1049,3414,0.03247428836843892
1050,3414,0.012923830446609146
1051,3414,0.0487412373791531
1052,3414,0.033643218580974486
1053,3414,0.009067458133468933
1054,3414,0.036026869145815515
1055,3414,0.03597824080494355
1056,3414,0.013223676734243961
1057,3414,0.04513954532092643
1058,3414,0.053940873807077884
1059,3414,0.03160851815477253
1060,3414,0.0047830449729681776
1061,3415,0.02538217955808432
1062,3415,0.28221450484637667
1063,3415,0.163442064506369
1064,3415,0.2507741334037999
1065,3415,5.033266959862551e-4
1066,2701,0.48557696399039696
1067,2702,0.5702612218141602
1068,2703,1
1069,2705,1
1070,2706,0.27028780303963046
1071,2708,0.569318946474454
1072,2709,0.4858123171420233
1073,2713,0.21313517487820274
1074,2726,0.7608583375991297
1075,2726,0.23914166240087026
1076,2727,1
1077,2740,1
1078,3030,0.5454880513041569
1079,3037,0.39543753902661544
1080,3037,0.22873462217886262
1081,3038,1
1082,3078,1
1083,3079,1
1084,3094,1
1085,3135,1
1086,3160,1
1087,3161,0.5398938704992706
1088,3162,0.4403905693808344
1089,3168,1
1090,3219,1
1091,3233,1
1092,3234,1
1093,3243,0.12089042952437863
1094,3245,0.17982485083450192
1095,3245,0.059720133587988077
1096,3245,0.2171736495789948
1097,3245,0.09263658610354973
1098,3270,1
1099,3271,1
1100,3272,0.42258625485135043
1101,3272,0.3153541374633474
1102,3272,0.07845878825605998
1103,3272,0.06959158809981254
1104,3273,0.43877433267583693
1105,3273,0.2651481512302377
1106,3273,0.29607751609392535
1107,3274,0.20680005989470907
1108,3274,0.10194561200108249
1109,3274,0.08181521960066103
1110,3274,0.06813192867098888
1111,3275,0.043337722478127394
1112,3279,0.33439774734581384
1113,3291,0.46474126306624164
1114,3291,0.07473523920858158
1115,3307,0.2642419837909482
1116,3307,0.042115446443909584
1117,3307,0.17666039254537877
1118,3307,0.1466266475755199
1119,3307,0.22058766938219876
1120,3308,0.11570626138205925
1121,3308,0.0965431323266249
1122,3308,0.018704072578624477
1123,3312,0.1609887064985015
1124,3312,0.24050405743822237
1125,3312,0.12099173141141194
1126,3312,0.01655740245815118
1127,3312,0.17493389045928065
1128,3319,0.73341195720311525
1129,3320,0.25252496421656756
1130,3321,0.06887258133230027
1131,3321,0.3378784831488709
1132,3322,0.3529858241690831
1133,3322,0.06447265666690191
1134,3322,0.3320981218182647
1135,3322,0.25044339734575033
1136,3324,0.08194157251252587
1137,3325,0.3954669858553896
1138,3325,0.04947482654597702
1139,3325,0.26178947332137237
1140,3325,0.11448640546734204
1141,3325,0.17878230880991897
1142,3326,0.17076020391534616
1143,3327,0.2802410360714479
1144,3328,0.5207462240514413
1145,3328,0.47925377594855867
1146,3329,0.5637965925987904
1147,3329,0.43620340740120955
1148,3330,1
1149,3331,0.5658894417110946
1150,3331,0.35870635648858584
1151,3331,0.07540420180031956
1152,3332,0.4096164863797099
1153,3332,0.2450015896327522
1154,3332,0.3453819239875379
1155,3333,0.5383458211065392
1156,3333,0.4616541788934608
1157,3334,0.8788160576572199
1158,3334,0.12118394234278003
1159,3335,0.23697570338137527
1160,3335,0.2163753330387641
1161,3335,0.16655552159533435
1162,3335,0.15742982962336927
1163,3335,0.09345800944769274
1164,3335,0.12920560291346425
1165,3336,0.5526326779852834
1166,3336,0.4473673220147167
1167,3337,0.5188698237477425
1168,3337,0.48113017625225746
1169,3338,0.4890026423914879
1170,3338,0.11615027414104409
1171,3338,0.39484708346746805
1172,3339,0.694832011824652
1173,3340,0.7692418702560624
1174,3340,0.23075812974393767
1175,3341,0.459909715158441
1176,3341,0.540090284841559
1177,3342,1
1178,3344,1
1179,3350,0.9090909090909092
1180,3358,0.67632038406973
1181,3358,0.32367961593026995
1182,3359,0.7909344831929349
1183,3359,0.20906551680706512
1184,3360,0.49800543166176114
1185,3360,0.5019945683382389
1186,3361,1
1187,3362,0.8015290215669855
1188,3362,0.1984709784330145
1189,3363,0.1853182162091372
1190,3363,0.2669287150258231
1191,3363,0.18218071157736107
1192,3363,0.17988732292960383
1193,3363,0.1856850342580748
1194,3364,0.24785069242973887
1195,3364,0.23099871216088083
1196,3364,0.16529564477654654
1197,3364,0.13255245310551633
1198,3364,0.22330249752731743
1199,3365,0.527854765649227
1200,3365,0.47214523435077305
1201,3366,0.35475254639788406
1202,3366,0.2689982797999827
1203,3366,0.25447001075258485
1204,3366,0.12177916304954838
1205,3367,0.188114088038633
1206,3367,0.21842083539706125
1207,3367,0.1776102288674261
1208,3367,0.0655650229073799
1209,3367,0.07720393243354796
1210,3367,0.14446134121677398
1211,3367,0.1286245511391778
1212,3368,0.26329929121413137
1213,3368,0.2023265528117427
1214,3368,0.3129489392952881
1215,3368,0.22142521667883783
1216,3369,0.14494608810031184
1217,3369,0.11509638209920964
1218,3370,0.01548265058455295
1219,3370,0.05390631647804387
1220,3370,0.036204473607305956
1221,3371,0.11681205398821688
1222,3371,0.08477832071773948
1223,3371,0.1756710605144883
1224,3371,0.2990485873375192
1225,3371,0.09067911052347086
1226,3371,0.07756926925228963
1227,3371,0.12594762046588487
1228,3371,0.029493977200390747
1229,3372,0.25248288039254513
1230,3372,0.2597598322795203
1231,3372,0.11040349781462801
1232,3372,0.24148052458334998
1233,3372,0.13587326492995655
1234,3373,0.20384466478474889
1235,3373,0.14075273491134305
1236,3373,0.1344645806515282
1237,3373,0.13215268674113562
1238,3373,0.07503214715594163
1239,3373,0.17055832188641867
1240,3373,0.14319486386888397
1241,3374,0.3313294554884124
1242,3374,0.05562687662414926
1243,3374,0.05311927697119902
1244,3374,0.301300843784841
1245,3375,0.08989561144611562
1246,3375,0.07813633947127413
1247,3375,0.15365285048370445
1248,3375,0.08011313121214969
1249,3375,0.12577600564167118
1250,3376,0.13498410465756927
1251,3376,0.07830998553090536
1253,3376,0.17952593826541555
1254,3376,0.12447481345106627
1255,3376,0.10543639596165588
1256,3376,0.1078333476670962
1257,3376,0.12085138734922488
1258,3376,0.007778791632863881
1259,3377,0.05100608782391617
1260,3377,0.16476687984237376
1261,3377,0.03589768015768547
1262,3377,0.02317393594977783
1263,3377,0.13054178756362522
1264,3377,0.090415363436460075
1265,3377,0.016769368926034107
1266,3377,0.022444804339493002
1267,3377,0.05858291420605314
1268,3377,0.11125807998614896
1269,3378,0.1839455069238603
1270,3378,0.07486593046858997
1271,3378,0.16167668679879804
1272,3378,0.08351988973455934
1273,3378,0.1307301620963949
1274,3378,0.16140840370704015
1275,3378,0.08494585407252721
1276,3378,0.02411534896148518
1277,3378,0.058208944882149685
1278,3378,0.036583272354595193
1279,3379,0.3078029849422305
1280,3379,0.0958899083308637
1281,3379,0.07422978369954619
1282,3379,0.003826919316241384
1283,3379,0.10042397227547917
1284,3379,0.06958556357265691
1285,3379,0.2896047159103509
1286,3379,0.05863615195263123
1287,3380,0.21927282578563145
1288,3380,0.06867598754542983
1289,3380,0.16952078522891936
1290,3380,0.1637273583818837
1291,3380,0.058293857515135036
1292,3380,0.10772509245474508
1293,3380,0.11550923464955876
1294,3380,0.0629824943364367
1295,3380,0.03429236410226007
1296,3381,0.2936256846507032
1297,3381,0.06529194158089438
1298,3381,0.25566261335450385
1299,3381,0.18008904939400844
1300,3381,0.20533071101989014
1301,3382,0.1286396660708657
1302,3382,0.12805097140567093
1303,3382,0.13704883173754137
1304,3382,0.14855811438372113
1305,3382,0.064893750860648
1306,3382,0.1451362008332674
1307,3382,0.1352736894933008
1308,3382,0.026911416275476895
1309,3382,0.0495656386774408
1310,3382,0.035921720262067025
1311,3383,0.007253890279759559
1312,3383,0.12990375226611445
1313,3383,0.10660522773228617
1314,3383,0.27917874882488475
1315,3383,0.17354826325919256
1316,3383,0.06595667293782134
1317,3383,0.13099501557823276
1318,3383,0.08363608935597823
1319,3383,0.02292233976573017
1320,3384,0.36761367731249106
1321,3386,0.13542285469132304
1322,3384,0.1734359373748482
1323,3384,0.16541501055484986
1324,3384,0.11135990476291854
1325,3386,0.053675037960931725
1326,3384,0.07662513888304787
1327,3384,0.10555033111184442
1328,3386,0.021978127967508948
1329,3385,0.31887176393539635
1330,3385,0.11585463607684739
1331,3385,0.3459708177868529
1332,3385,0.09876854657120793
1333,3385,0.12053423562969542
1334,3386,0.10122098562077768
1335,3386,0.11460302452193996
1336,3386,0.07642295939830997
1337,3386,0.1100509359944264
1338,3386,0.12639323456494916
1339,3386,0.14060891265971937
1340,3386,0.06285984658628817
1341,3386,0.02510111365042153
1342,3386,0.03166296638340406
1343,3387,0.05381601831536976
1344,3387,0.02389426361898179
1345,3387,0.028322520557878785
1346,3387,0.0226799745348934
1347,3387,0.022234939462062876
1348,3387,0.02487550775164418
1349,3389,0.27290750507814765
1350,3389,0.3811383167896422
1351,3389,0.34595417813221013
1352,3390,0.3212112058414537
1353,3390,0.2615114553115251
1354,3390,0.18275880566854333
1355,3390,0.23451853317847787
1356,3391,0.545917340027719
1357,3391,0.45408265997228103
1358,3392,0.4642962401583091
1359,3392,0.5357037598416908
1360,3393,0.22503978247290826
1361,3393,0.23627597634368092
1362,3393,0.2121995245932521
1363,3393,0.11439158842367218
1364,3393,0.062233977949851776
1365,3393,0.14985915021663476
1366,3394,0.2794616843101906
1367,3394,0.03431770559976595
1368,3394,0.40639322218623236
1369,3394,0.1189407134193929
1370,3394,0.04650150259971049
1371,3394,0.05829162570920376
1372,3394,0.05609354617550397
1373,3395,0.3385063631141512
1374,3395,0.11952953599087716
1375,3395,0.16574169214613807
1376,3395,0.284436288465576
1377,3395,0.01858374878357403
1378,3395,6.678127542680992e-4
1379,3395,0.07253455874541541
1380,3396,0.2723817886012448
1381,3396,0.24607573954178952
1382,3396,0.03929771601562269
1383,3396,0.271665677612145
1384,3396,0.170579078229198
1385,3397,0.5808955352731725
1386,3397,0.17520774971686812
1387,3397,0.10643443497672797
1388,3397,0.13746228003323138
1389,3398,0.00154315236052353
1390,3398,0.3245193225400274
1391,3398,0.4302233334107439
1392,3398,0.2437141916887051
1393,3399,0.6288959178327388
1394,3399,0.37110408216726115
1395,3400,0.3516536675605811
1396,3400,0.2294464484992254
1397,3400,0.21758620226751518
1398,3400,0.2013136816726783
1399,3401,0.5482292422793968
1400,3401,0.4517707577206031
1401,3402,0.14757050729638732
1402,3402,0.340894968161626
1403,3402,0.21551472169022332
1404,3402,0.156208879291415
1405,3402,0.13981092356034833
1406,3403,0.47209214715457476
1407,3403,0.5279078528454252
1408,3404,0.32535375120059645
1409,3404,0.2611331487815599
1410,3404,0.2094807698681344
1411,3404,0.10088592216352081
1412,3404,0.10314640798618842
1413,3405,0.26298225375644824
1414,3405,0.08336664687543971
1415,3405,0.21321719823431035
1416,3405,0.21452705534768832
1417,3405,0.0277509174694517
1418,3405,0.04005657796079809
1419,3405,0.15809935035586362
1420,3406,0.0636431812945282
1421,3406,0.05840228725378371
1422,3406,0.034406640921999514
1423,3406,0.13706117210351992
1424,3406,0.1259674423100588
1425,3406,0.060491950450102916
1426,3406,0.12371108805627253
1427,3406,0.038993370587621125
1428,3406,0.03502938934050854
1429,3406,0.0722325524826388
1430,3406,0.03312336842938794
1431,3406,0.04549809939439647
1432,3407,0.14774730927357446
1433,3407,0.1273280858161789
1434,3407,0.08379357929903683
1435,3407,0.07038252010299381
1436,3407,0.14654669711119384
1437,3407,0.07979079889508907
1438,3407,0.11443301918352947
1439,3407,0.05772223656048692
1440,3407,0.07340837349451818
1441,3407,0.042203061971021305
1442,3407,0.056644318292377205
1443,3408,0.2147649021295102
1444,3408,0.06269288517139406
1445,3408,0.1954933647433705
1446,3408,0.12421741069109908
1447,3408,0.20856959281496745
1448,3408,0.07395805926874341
1449,3408,0.04786782107142266
1450,3408,0.07243596410949263
1451,3409,0.5901201871652575
1453,3409,0.08502899994320423
1454,3409,0.05573749419561937
1455,3409,0.06389557128826942
1456,3410,0.20917969147772478
1457,3410,0.12318408513708053
1458,3410,0.09783575584355517
1459,3410,0.18294653735914884
1460,3410,0.10657060277660285
1461,3410,0.08693403906122055
1462,3410,0.13169246606249924
1463,3410,0.06165682228216806
1464,3411,0.12931391454833094
1465,3411,0.03557887692015605
1466,3411,0.034231924065703315
1467,3411,0.04507306341556582
1468,3411,0.06761958424493013
1469,3411,0.05832851409783293
1470,3411,0.12203688367593411
1471,3411,0.042131740677554416
1472,3411,0.032818798016450906
1473,3411,0.040124141923721955
1474,3424,0.015305917886858722
1475,3411,0.03522298131407892
1476,3411,0.02952309508903717
1477,3411,0.018803618441216644
1478,3411,0.06054458367222891
1479,3411,0.09336954438315735
1480,3411,0.1370870675831132
1481,3411,0.01819166793098722
1482,3414,0.021254047269199175
1483,3415,0.11942741584534818
1484,3415,0.0608856462375869
1485,3424,0.16507097005925075
1486,3424,0.13283158838654494
1487,3424,0.11027321602774852
1488,3424,0.011647165733664108
1489,3424,0.0776744836743847
1490,3424,0.08354109795792883
1491,3424,0.07434635339470684
1492,3424,0.10351533304089418
1493,3424,0.057475730392237356
1494,3424,0.06051109893527692
1495,3425,0.15690510351447046
1496,3425,0.18413693107731616
1497,3425,0.20592153483553632
1499,3425,0.1264958944593846
1500,3425,0.1070170347422494
1501,3425,0.04008310255831218
1502,3425,0.015124440572826211
1503,3425,0.06980086315920035
1504,3427,0.10622501782982602
1505,3427,0.11407827937548096
1506,3427,0.08136069932594654
1507,3427,0.30227555928988464
1508,3427,0.10171591045224024
1509,3427,0.04837124662570474
1510,3427,0.08330696444458133
1511,3427,0.080518968227672
1512,3427,0.018240594307805436
1513,3427,0.06390676012085811
1514,3428,0.19932534563774873
1515,3428,0.21774062297047705
1516,3428,0.035007589879848346
1517,3429,0.16071817418332038
1518,3429,0.20106216416775488
1519,3429,0.2530720769229665
1520,3429,0.12694308280981198
1521,3429,0.0911557976323105
1522,3430,0.08799876716955464
1523,3430,0.08023779974277817
1524,3430,0.1350356154976018
1525,3430,0.07150737343089762
1526,3430,0.02642454573453934
1527,3430,0.04475161987520053
1528,3430,0.05105586459003132
1529,3431,0.05913481122394948
1530,3431,0.06853661106354125
1531,3431,0.052945400299491345
1532,3431,0.028103992278140203
1533,3432,0.02267435644712256
1534,3432,0.10406775214648786
1535,3433,0.03249378194920267
1536,3433,0.14711692488469164
1537,3433,0.06172237095395768
1538,3433,0.023563852563674322
1539,3434,0.2331243246838067
1540,3434,0.25269062806340636
1541,3434,0.14346142494063965
1542,3434,0.061854582255937846
1543,3435,0.507118448754137
1544,3435,0.19087340115421852
1545,3435,0.30200815009164445
1546,3436,0.3820283779291873
1547,3357,0.37460144587890476
1548,3436,0.2687116322160707
1549,3436,0.349259989854742
1550,3437,0.2601838050113467
1551,2760,1
1659,1,1
1659,38,1
1660,2,1
1660,3,1
1660,4,1
1661,5,1
1661,6,1
1661,9,1
1661,10,1
1662,11,1
1662,12,1
1663,13,1
1663,14,1
1663,15,1
1663,16,1
1664,17,1
1664,18,1
1664,19,1
1664,20,1
1665,23,1
1665,24,1
1665,25,1
1666,26,1
1666,27,1
1666,28,1
1667,7,1
1667,8,1
1667,29,1
1667,30,1
1667,31,1
1668,32,1
1668,33,1
1668,34,1
1668,35,1
1668,36,1
1668,37,1
1669,39,1
1669,86,1
1670,40,1
1670,83,1
1671,41,1
1671,42,1
1671,43,1
1672,21,1
1672,22,1
1672,54,1
1672,55,1
1673,56,1
1673,57,1
1673,58,1
1673,102,1
1674,52,1
1674,53,1
1674,59,1
1674,60,1
1675,50,1
1675,51,1
1675,62,1
1675,63,1
1676,48,1
1676,49,1
1676,65,1
1676,67,1
1677,46,1
1677,47,1
1677,69,1
1677,71,1
1678,44,1
1678,45,1
1678,73,1
1678,74,1
1678,75,1
1678,76,1
1678,77,1
1678,78,1
1679,79,1
1679,80,1
1679,90,1
1679,91,1
1680,81,1
1680,82,1
1680,87,1
1680,88,1
1680,89,1
1681,84,1
1681,85,1
1682,92,1
1682,93,1
1683,68,1
1683,70,1
1683,72,1
1683,94,1
1683,95,1
1683,96,1
1684,64,1
1684,66,1
1684,97,1
1684,98,1
1684,120,1
1685,61,1
1685,99,1
1685,100,1
1685,101,1
1686,103,1
1687,104,1
1688,105,1
1689,106,1
1690,107,1
1691,108,1
1692,109,1
1693,110,1
1694,111,1
1695,112,1
1696,113,1
1697,114,1
1698,115,1
1699,116,1
1700,117,1
1701,118,1
1702,119,1
1703,121,1
1704,122,1
1705,123,1
1706,124,1
1707,125,1
1708,126,1
1709,127,1
1710,128,1
1711,129,1
1712,130,1
1713,131,1
1714,132,1
1715,133,1
1716,134,1
1717,135,1
1718,136,1
1719,137,1
1720,138,1
1721,139,1
1722,140,1
1723,141,1
1724,142,1
1725,143,1
1726,144,1
1727,145,1
1728,146,1
1729,147,1
1730,148,1
1731,149,1
1732,150,1
1733,151,1
1734,152,1
1735,153,1
1736,154,1
1737,155,1
1738,156,1
1739,157,1
1740,158,1
1741,159,1
1742,160,1
1743,161,1
1744,162,1
1745,163,1
1746,164,1
1747,165,1
1748,166,1
1749,167,1
1750,168,1
1751,169,1
1752,170,1
1753,171,1
1754,172,1
1755,173,1
1756,174,1
1757,175,1
1758,176,1
1759,177,1
1760,178,1
1761,179,1
1762,180,1
1763,181,1
1764,182,1
1765,183,1
1766,184,1
1767,185,1
1768,186,1
1769,187,1
1770,188,1
1771,189,1
1772,190,1
1773,191,1
1774,192,1
1775,193,1
1776,194,1
1777,195,1
1778,196,1
1779,197,1
1780,198,1
1781,199,1
1782,200,1
1783,201,1
1784,202,1
1785,203,1
1786,204,1
1787,205,1
1788,206,1
1789,207,1
1790,208,1
1791,209,1
1792,210,1
1793,211,1
1794,212,1
1795,213,1
1796,214,1
1797,215,1
1798,216,1
1799,217,1
1800,218,1
1801,219,1
1802,220,1
1803,221,1
1804,222,1
1805,223,1
1806,224,1
1807,225,1
1808,226,1
1809,227,1
1810,228,1
1811,229,1
1812,230,1
1813,231,1
1814,232,1
1815,233,1
1816,234,1
1817,235,1
1818,236,1
1819,237,1
1820,238,1
1821,239,1
1822,240,1
1823,241,1
1824,242,1
1825,243,1
1826,244,1
1827,245,1
1828,246,1
1829,247,1
1830,248,1
1831,249,1
1832,250,1
1833,251,1
1834,252,1
1835,253,1
1836,254,1
1837,255,1
1838,256,1
1839,257,1
1840,258,1
1841,259,1
1842,260,1
1843,261,1
1844,262,1
1845,263,1
1846,264,1
1847,265,1
1848,266,1
1849,267,1
1850,268,1
1851,269,1
1852,270,1
1853,271,1
1854,272,1
1855,273,1
1856,274,1
1857,275,1
1858,276,1
1859,277,1
1860,278,1
1861,279,1
1862,280,1
1863,281,1
1864,282,1
1865,283,1
1866,284,1
1867,285,1
1868,286,1
1869,287,1
1870,288,1
1871,289,1
1872,290,1
1873,291,1
1874,292,1
1875,293,1
1876,294,1
1877,295,1
1878,296,1
1879,297,1
1880,298,1
1881,299,1
1882,300,1
1883,301,1
1884,302,1
1885,303,1
1886,304,1
1887,305,1
1888,306,1
1889,307,1
1890,308,1
1891,309,1
1892,310,1
1893,311,1
1894,312,1
1895,313,1
1896,314,1
1897,315,1
1898,316,1
1899,317,1
1900,318,1
1901,319,1
1902,320,1
1903,321,1
1904,322,1
1905,323,1
1906,324,1
1907,325,1
1908,326,1
1909,327,1
1910,328,1
1911,329,1
1912,330,1
1913,331,1
1914,332,1
1915,333,1
1916,334,1
1917,335,1
1918,336,1
1919,337,1
1920,338,1
1921,339,1
1922,340,1
1923,341,1
1924,342,1
1925,343,1
1926,344,1
1927,345,1
1928,346,1
1929,347,1
1930,348,1
1931,349,1
1932,350,1
1933,351,1
1934,352,1
1935,353,1
1936,354,1
1937,355,1
1938,356,1
1939,357,1
1940,358,1
1941,359,1
1942,360,1
1943,361,1
1944,362,1
1945,363,1
1946,364,1
1947,365,1
1948,366,1
1949,367,1
1950,368,1
1951,369,1
1952,370,1
1953,371,1
1954,372,1
1955,373,1
1956,374,1
1957,375,1
1958,376,1
1959,377,1
1960,378,1
1961,379,1
1962,380,1
1963,381,1
1964,382,1
1965,383,1
1966,384,1
1967,385,1
1968,386,1
1969,387,1
1970,388,1
1971,389,1
1972,390,1
1973,391,1
1974,392,1
1975,393,1
1976,394,1
1977,395,1
1978,396,1
1979,397,1
1980,398,1
1981,399,1
1982,400,1
1983,401,1
1984,402,1
1985,403,1
1986,404,1
1987,405,1
1988,406,1
1989,407,1
1990,408,1
1991,409,1
1992,410,1
1993,411,1
1994,412,1
1995,413,1
1996,414,1
1997,415,1
1998,416,1
1999,417,1
2000,418,1
2001,419,1
2002,420,1
2003,421,1
2004,422,1
2005,423,1
2006,424,1
2007,425,1
2008,426,1
2009,427,1
2010,428,1
2011,429,1
2012,430,1
2013,431,1
2014,432,1
2015,433,1
2016,434,1
2017,435,1
2018,436,1
2019,437,1
2020,438,1
2021,439,1
2022,440,1
2023,441,1
2024,442,1
2025,443,1
2026,444,1
2027,445,1
2028,446,1
2029,447,1
2030,448,1
2031,449,1
2032,450,1
2033,451,1
2034,452,1
2035,453,1
2036,454,1
2037,455,1
2038,456,1
2039,457,1
2040,458,1
2041,459,1
2042,460,1
2043,461,1
2044,462,1
2045,463,1
2046,464,1
2047,465,1
2048,466,1
2049,467,1
2050,468,1
2051,469,1
2052,470,1
2053,471,1
2054,472,1
2055,473,1
2056,474,1
2057,475,1
2058,476,1
2059,477,1
2060,478,1
2061,479,1
2062,480,1
2063,481,1
2064,482,1
2065,483,1
2066,484,1
2067,485,1
2068,486,1
2069,487,1
2070,488,1
2071,489,1
2072,490,1
2073,491,1
2074,492,1
2075,493,1
2076,494,1
2077,495,1
2078,496,1
2079,497,1
2080,498,1
2081,499,1
2082,500,1
2083,501,1
2084,502,1
2085,503,1
2086,504,1
2087,505,1
2088,506,1
2089,507,1
2090,508,1
2091,509,1
2092,510,1
2093,511,1
2094,512,1
2095,513,1
2096,514,1
2097,515,1
2098,516,1
2099,517,1
2100,518,1
2101,519,1
2102,520,1
2103,521,1
2104,522,1
2105,523,1
2106,524,1
2107,525,1
2108,526,1
2109,527,1
2110,528,1
2111,529,1
2112,530,1
2113,531,1
2114,532,1
2115,533,1
2116,534,1
2117,535,1
2118,536,1
2119,537,1
2120,538,1
2121,539,1
2122,540,1
2123,541,1
2124,542,1
2125,543,1
2126,544,1
2127,545,1
2128,546,1
2129,547,1
2130,548,1
2131,549,1
2132,550,1
2133,551,1
2134,552,1
2135,553,1
2136,554,1
2137,555,1
2138,556,1
2139,557,1
2140,558,1
2141,559,1
2142,560,1
2143,561,1
2144,562,1
2145,563,1
2146,564,1
2147,565,1
2148,566,1
2149,567,1
2150,568,1
2151,569,1
2152,570,1
2153,571,1
2154,572,1
2155,573,1
2156,574,1
2157,575,1
2158,576,1
2159,577,1
2160,578,1
2161,579,1
2162,580,1
2163,581,1
2164,582,1
2165,583,1
2166,584,1
2167,585,1
2168,586,1
2169,587,1
2170,588,1
2171,589,1
2172,590,1
2173,591,1
2174,592,1
2175,593,1
2176,594,1
2177,595,1
2178,596,1
2179,597,1
2180,598,1
2181,599,1
2182,600,1
2183,601,1
2184,602,1
2185,603,1
2186,604,1
2187,605,1
2188,606,1
2189,607,1
2190,608,1
2191,609,1
2192,610,1
2193,611,1
2194,612,1
2195,613,1
2196,614,1
2197,615,1
2198,616,1
2199,617,1
2200,618,1
2201,619,1
2202,620,1
2203,621,1
2204,622,1
2205,623,1
2206,624,1
2207,625,1
2208,626,1
2209,627,1
2210,628,1
2211,629,1
2212,630,1
2213,631,1
2214,632,1
2215,633,1
2216,634,1
2217,635,1
2218,636,1
2219,637,1
2220,638,1
2221,639,1
2222,640,1
2223,641,1
2224,642,1
2225,643,1
2226,644,1
2227,645,1
2228,646,1
2229,647,1
2230,648,1
2231,649,1
2232,650,1
2233,651,1
2234,652,1
2235,653,1
2236,654,1
2237,655,1
2238,656,1
2239,657,1
2240,658,1
2241,659,1
2242,660,1
2243,661,1
2244,662,1
2245,663,1
2246,664,1
2247,665,1
2248,666,1
2249,667,1
2250,668,1
2251,669,1
2252,670,1
2253,671,1
2254,672,1
2255,673,1
2256,674,1
2257,675,1
2258,676,1
2259,677,1
2260,678,1
2261,679,1
2262,680,1
2263,681,1
2264,682,1
2265,683,1
2266,684,1
2267,685,1
2268,686,1
2269,687,1
2270,688,1
2271,689,1
2272,690,1
2273,691,1
2274,692,1
2275,693,1
2276,694,1
2277,695,1
2278,696,1
2279,697,1
2280,698,1
2281,699,1
2282,700,1
2283,701,1
2284,702,1
2285,703,1
2286,704,1
2287,705,1
2288,706,1
2289,707,1
2290,708,1
2291,709,1
2292,710,1
2293,711,1
2294,712,1
2295,713,1
2296,714,1
2297,715,1
2298,716,1
2299,717,1
2300,718,1
2301,719,1
2302,720,1
2303,721,1
2304,722,1
2305,723,1
2306,724,1
2307,725,1
2308,726,1
2309,727,1
2310,728,1
2311,729,1
2312,730,1
2313,731,1
2314,732,1
2315,733,1
2316,734,1
2317,735,1
2318,736,1
2319,737,1
2320,738,1
2321,739,1
2322,740,1
2323,741,1
2324,742,1
2325,743,1
2326,744,1
2327,745,1
2328,746,1
2329,747,1
2330,748,1
2331,749,1
2332,750,1
2333,751,1
2334,752,1
2335,753,1
2336,754,1
2337,755,1
2338,756,1
2339,757,1
2340,758,1
2341,759,1
2342,760,1
2343,761,1
2344,762,1
2345,763,1
2346,764,1
2347,765,1
2348,766,1
2349,767,1
2350,768,1
2351,769,1
2352,770,1
2353,771,1
2354,772,1
2355,773,1
2356,774,1
2357,775,1
2358,776,1
2359,777,1
2360,778,1
2361,779,1
2362,780,1
2363,781,1
2364,782,1
2365,783,1
2366,784,1
2367,785,1
2368,786,1
2369,787,1
2370,788,1
2371,789,1
2372,790,1
2373,791,1
2374,792,1
2375,793,1
2376,794,1
2377,795,1
2378,796,1
2379,797,1
2380,798,1
2381,799,1
2382,800,1
2383,801,1
2384,802,1
2385,803,1
2386,804,1
2387,805,1
2388,806,1
2389,807,1
2390,808,1
2391,809,1
2392,810,1
2393,811,1
2394,812,1
2395,813,1
2396,814,1
2397,815,1
2398,816,1
2399,817,1
2400,818,1
2401,819,1
2402,820,1
2403,821,1
2404,822,1
2405,823,1
2406,824,1
2407,825,1
2408,826,1
2409,827,1
2410,828,1
2411,829,1
2412,830,1
2413,831,1
2414,832,1
2415,833,1
2416,834,1
2417,835,1
2418,836,1
2419,837,1
2420,838,1
2421,839,1
2422,840,1
2423,841,1
2424,842,1
2425,843,1
2426,844,1
2427,845,1
2428,846,1
2429,847,1
2430,848,1
2431,849,1
2432,850,1
2433,851,1
2434,852,1
2435,853,1
2436,854,1
2437,855,1
2438,856,1
2439,857,1
2440,858,1
2441,859,1
2442,860,1
2443,861,1
2444,862,1
2445,863,1
2446,864,1
2447,865,1
2448,866,1
2449,867,1
2450,868,1
2451,869,1
2452,870,1
2453,871,1
2454,872,1
2455,873,1
2456,874,1
2457,875,1
2458,876,1
2459,877,1
2460,878,1
2461,879,1
2462,880,1
2463,881,1
2464,882,1
2465,883,1
2466,884,1
2467,885,1
2468,886,1
2469,887,1
2470,888,1
2471,889,1
2472,890,1
2473,891,1
2474,892,1
2475,893,1
2476,894,1
2477,895,1
2478,896,1
2479,897,1
2480,898,1
2481,899,1
2482,900,1
2483,901,1
2484,902,1
2485,903,1
2486,904,1
2487,905,1
2488,906,1
2489,907,1
2490,908,1
2491,909,1
2492,910,1
2493,911,1
2494,912,1
2495,913,1
2496,914,1
2497,915,1
2498,916,1
2499,917,1
2500,918,1
2501,919,1
2502,920,1
2503,921,1
2504,922,1
2505,923,1
2506,924,1
2507,925,1
2508,926,1
2509,927,1
2510,928,1
2511,929,1
2512,930,1
2513,931,1
2514,932,1
2515,933,1
2516,934,1
2517,935,1
2518,936,1
2519,937,1
2520,938,1
2521,939,1
2522,940,1
2523,941,1
2524,942,1
2525,943,1
2526,944,1
2527,945,1
2528,946,1
2529,947,1
2530,948,1
2531,949,1
2532,950,1
2533,951,1
2534,952,1
2535,953,1
2536,954,1
2537,955,1
2538,956,1
2539,957,1
2540,958,1
2541,959,1
2542,960,1
2543,961,1
2544,962,1
2545,963,1
2546,964,1
2547,965,1
2548,966,1
2549,967,1
2550,968,1
2551,969,1
2552,970,1
2553,971,1
2554,972,1
2555,973,1
2556,974,1
2557,975,1
2558,976,1
2559,977,1
2560,978,1
2561,979,1
2562,980,1
2563,981,1
2564,982,1
2565,983,1
2566,984,1
2567,985,1
2568,986,1
2569,987,1
2570,988,1
2571,989,1
2572,990,1
2573,991,1
2574,992,1
2575,993,1
2576,994,1
2577,995,1
2578,996,1
2579,997,1
2580,998,1
2581,999,1
2582,1000,1
2583,1001,1
2584,1002,1
2585,1003,1
2586,1004,1
2587,1005,1
2588,1006,1
2589,1007,1
2590,1008,1
2591,1009,1
2592,1010,1
2593,1011,1
2594,1012,1
2595,1013,1
2596,1014,1
2597,1015,1
2598,1016,1
2599,1017,1
2600,1018,1
2601,1019,1
2602,1020,1
2603,1021,1
2604,1022,1
2605,1023,1
2606,1024,1
2607,1025,1
2608,1026,1
2609,1027,1
2610,1028,1
2611,1029,1
2612,1030,1
2613,1031,1
2614,1032,1
2615,1033,1
2616,1034,1
2617,1035,1
2618,1036,1
2619,1037,1
2620,1038,1
2621,1039,1
2622,1040,1
2623,1041,1
2624,1042,1
2625,1043,1
2626,1044,1
2627,1045,1
2628,1046,1
2629,1047,1
2630,1048,1
2631,1049,1
2632,1050,1
2633,1051,1
2634,1052,1
2635,1053,1
2636,1054,1
2637,1055,1
2638,1056,1
2639,1057,1
2640,1058,1
2641,1059,1
2642,1060,1
2643,1061,1
2644,1062,1
2645,1063,1
2646,1064,1
2647,1065,1
2648,1066,1
2649,1067,1
2650,1068,1
2651,1069,1
2652,1070,1
2653,1071,1
2654,1072,1
2655,1073,1
2656,1074,1
2657,1075,1
2658,1076,1
2659,1077,1
2660,1078,1
2661,1079,1
2662,1080,1
2663,1081,1
2664,1082,1
2665,1083,1
2666,1084,1
2667,1085,1
2668,1086,1
2669,1087,1
2670,1088,1
2671,1089,1
2672,1090,1
2673,1091,1
2674,1092,1
2675,1093,1
2676,1094,1
2677,1095,1
2678,1096,1
2679,1097,1
2680,1098,1
2681,1099,1
2682,1100,1
2683,1101,1
2684,1102,1
2685,1103,1
2686,1104,1
2687,1105,1
2688,1106,1
2689,1107,1
2690,1108,1
2691,1109,1
2692,1110,1
2693,1111,1
2694,1112,1
2695,1113,1
2696,1114,1
2697,1115,1
2698,1116,1
2699,1117,1
2700,1118,1
2701,1119,1
2702,1120,1
2703,1121,1
2704,1122,1
2705,1123,1
2706,1124,1
2707,1125,1
2708,1126,1
2709,1127,1
2710,1128,1
2711,1129,1
2712,1130,1
2713,1131,1
2714,1132,1
2715,1133,1
2716,1134,1
2717,1135,1
2718,1136,1
2719,1137,1
2720,1138,1
2721,1139,1
2722,1140,1
2723,1141,1
2724,1142,1
2725,1143,1
2726,1144,1
2727,1145,1
2728,1146,1
2729,1147,1
2730,1148,1
2731,1149,1
2732,1150,1
2733,1151,1
2734,1152,1
2735,1153,1
2736,1154,1
2737,1155,1
2738,1156,1
2739,1157,1
2740,1158,1
2741,1159,1
2742,1160,1
2743,1161,1
2744,1162,1
2745,1163,1
2746,1164,1
2747,1165,1
2748,1166,1
2749,1167,1
2750,1168,1
2751,1169,1
2752,1170,1
2753,1171,1
2754,1172,1
2755,1173,1
2756,1174,1
2757,1175,1
2758,1176,1
2759,1177,1
2760,1178,1
2761,1179,1
2762,1180,1
2763,1181,1
2764,1182,1
2765,1183,1
2766,1184,1
2767,1185,1
2768,1186,1
2769,1187,1
2770,1188,1
2771,1189,1
2772,1190,1
2773,1191,1
2774,1192,1
2775,1193,1
2776,1194,1
2777,1195,1
2778,1196,1
2779,1197,1
2780,1198,1
2781,1199,1
2782,1200,1
2783,1201,1
2784,1202,1
2785,1203,1
2786,1204,1
2787,1205,1
2788,1206,1
2789,1207,1
2790,1208,1
2791,1209,1
2792,1210,1
2793,1211,1
2794,1212,1
2795,1213,1
2796,1214,1
2797,1215,1
2798,1216,1
2799,1217,1
2800,1218,1
2801,1219,1
2802,1220,1
2803,1221,1
2804,1222,1
2805,1223,1
2806,1224,1
2807,1225,1
2808,1226,1
2809,1227,1
2810,1228,1
2811,1229,1
2812,1230,1
2813,1231,1
2814,1232,1
2815,1233,1
2816,1234,1
2817,1235,1
2818,1236,1
2819,1237,1
2820,1238,1
2821,1239,1
2822,1240,1
2823,1241,1
2824,1242,1
2825,1243,1
2826,1244,1
2827,1245,1
2828,1246,1
2829,1247,1
2830,1248,1
2831,1249,1
2832,1250,1
2833,1251,1
2834,1252,1
2835,1253,1
2836,1254,1
2837,1255,1
2838,1256,1
2839,1257,1
2840,1258,1
2841,1259,1
2842,1260,1
2843,1261,1
2844,1262,1
2845,1263,1
2846,1264,1
2847,1265,1
2848,1266,1
2849,1267,1
2850,1268,1
2851,1269,1
2852,1270,1
2853,1271,1
2854,1272,1
2855,1273,1
2856,1274,1
2857,1275,1
2858,1276,1
2859,1277,1
2860,1278,1
2861,1279,1
2862,1280,1
2863,1281,1
2864,1282,1
2865,1283,1
2866,1284,1
2867,1285,1
2868,1286,1
2869,1287,1
2870,1288,1
2871,1289,1
2872,1290,1
2873,1291,1
2874,1292,1
2875,1293,1
2876,1294,1
2877,1295,1
2878,1296,1
2879,1297,1
2880,1298,1
2881,1299,1
2882,1300,1
2883,1301,1
2884,1302,1
2885,1303,1
2886,1304,1
2887,1305,1
2888,1306,1
2889,1307,1
2890,1308,1
2891,1309,1
2892,1310,1
2893,1311,1
2894,1312,1
2895,1313,1
2896,1314,1
2897,1315,1
2898,1316,1
2899,1317,1
2900,1318,1
2901,1319,1
2902,1320,1
2903,1321,1
2904,1322,1
2905,1323,1
2906,1324,1
2907,1325,1
2908,1326,1
2909,1327,1
2910,1328,1
2911,1329,1
2912,1330,1
2913,1331,1
2914,1332,1
2915,1333,1
2916,1334,1
2917,1335,1
2918,1336,1
2919,1337,1
2920,1338,1
2921,1339,1
2922,1340,1
2923,1341,1
2924,1342,1
2925,1343,1
2926,1344,1
2927,1345,1
2928,1346,1
2929,1347,1
2930,1348,1
2931,1349,1
2932,1350,1
2933,1351,1
2934,1352,1
2935,1353,1
2936,1354,1
2937,1355,1
2938,1356,1
2939,1357,1
2940,1358,1
2941,1359,1
2942,1360,1
2943,1361,1
2944,1362,1
2945,1363,1
2946,1364,1
2947,1365,1
2948,1366,1
2949,1367,1
2950,1368,1
2951,1369,1
2952,1370,1
2953,1371,1
2954,1372,1
2955,1373,1
2956,1374,1
2957,1375,1
2958,1376,1
2959,1377,1
2960,1378,1
2961,1379,1
2962,1380,1
2963,1381,1
2964,1382,1
2965,1383,1
2966,1384,1
2967,1385,1
2968,1386,1
2969,1387,1
2970,1388,1
2971,1389,1
2972,1390,1
2973,1391,1
2974,1392,1
2975,1393,1
2976,1394,1
2977,1395,1
2978,1396,1
2979,1397,1
2980,1398,1
2981,1399,1
2982,1400,1
2983,1401,1
2984,1402,1
2985,1403,1
2986,1404,1
2987,1405,1
2988,1406,1
2989,1407,1
2990,1408,1
2991,1409,1
2992,1410,1
2993,1411,1
2994,1412,1
2995,1413,1
2996,1414,1
2997,1415,1
2998,1416,1
2999,1417,1
3000,1418,1
3001,1419,1
3002,1420,1
3003,1421,1
3004,1422,1
3005,1423,1
3006,1424,1
3007,1425,1
3008,1426,1
3009,1427,1
3010,1428,1
3011,1429,1
3012,1430,1
3013,1431,1
3014,1432,1
3015,1433,1
3016,1434,1
3017,1435,1
3018,1436,1
3019,1437,1
3020,1438,1
3021,1439,1
3022,1440,1
3023,1441,1
3024,1442,1
3025,1443,1
3026,1444,1
3027,1445,1
3028,1446,1
3029,1447,1
3030,1448,1
3031,1449,1
3032,1450,1
3033,1451,1
3034,1452,1
3035,1453,1
3036,1454,1
3037,1455,1
3038,1456,1
3039,1457,1
3040,1458,1
3041,1459,1
3042,1460,1
3043,1461,1
3044,1462,1
3045,1463,1
3046,1464,1
3047,1465,1
3048,1466,1
3049,1467,1
3050,1468,1
3051,1469,1
3052,1470,1
3053,1471,1
3054,1472,1
3055,1473,1
3056,1474,1
3057,1475,1
3058,1476,1
3059,1477,1
3060,1478,1
3061,1479,1
3062,1480,1
3063,1481,1
3064,1482,1
3065,1483,1
3066,1484,1
3067,1485,1
3068,1486,1
3069,1487,1
3070,1488,1
3071,1489,1
3072,1490,1
3073,1491,1
3074,1492,1
3075,1493,1
3076,1494,1
3077,1495,1
3078,1496,1
3079,1497,1
3080,1498,1
3081,1499,1
3082,1500,1
3083,1501,1
3084,1502,1
3085,1503,1
3086,1504,1
3087,1505,1
3088,1506,1
3089,1507,1
3090,1508,1
3091,1509,1
3092,1510,1
3093,1511,1
3094,1512,1
3095,1513,1
3096,1514,1
3097,1515,1
3098,1516,1
3099,1517,1
3100,1518,1
3101,1519,1
3102,1520,1
3103,1521,1
3104,1522,1
3105,1523,1
3106,1524,1
3107,1525,1
3108,1526,1
3109,1527,1
3110,1528,1
3111,1529,1
3112,1530,1
3113,1531,1
3114,1532,1
3115,1533,1
3116,1534,1
3117,1535,1
3118,1536,1
3119,1537,1
3120,1538,1
3121,1539,1
3122,1540,1
3123,1541,1
3124,1542,1
3125,1543,1
3126,1544,1
3127,1545,1
3128,1546,1
3129,1547,1
3130,1548,1
3131,1549,1
3132,1550,1
3133,1551,1
3134,1552,1
3135,1553,1
3136,1554,1
3137,1555,1
3138,1556,1
3139,1557,1
3140,1558,1
3141,1559,1
3142,1560,1
3143,1561,1
3144,1562,1
3145,1563,1
3146,1564,1
3147,1565,1
3148,1566,1
3149,1567,1
3150,1568,1
3151,1569,1
3152,1570,1
3153,1571,1
3154,1572,1
3155,1573,1
3156,1574,1
3157,1575,1
3158,1576,1
3159,1577,1
3160,1578,1
3161,1579,1
3162,1580,1
3163,1581,1
3164,1582,1
3165,1583,1
3166,1584,1
3167,1585,1
3168,1586,1
3169,1587,1
3170,1588,1
3171,1589,1
3172,1590,1
3173,1591,1
3174,1592,1
3175,1593,1
3176,1594,1
3177,1595,1
3178,1596,1
3179,1597,1
3180,1598,1
3181,1599,1
3182,1600,1
3183,1601,1
3184,1602,1
3185,1603,1
3186,1604,1
3187,1605,1
3188,1606,1
3189,1607,1
3190,1608,1
3191,1609,1
3192,1610,1
3193,1611,1
3194,1612,1
3195,1613,1
3196,1614,1
3197,1615,1
3198,1616,1
3199,1617,1
3200,1618,1
3201,1619,1
3202,1620,1
3203,1621,1
3204,1622,1
3205,1623,1
3206,1624,1
3207,1625,1
3208,1626,1
3209,1628,1
3210,1630,1
3211,1631,1
3212,1632,1
3213,1633,1
3214,1634,1
3215,1635,1
3216,1636,1
3217,1637,1
3218,1638,1
3219,1639,1
3220,1640,1
3221,1641,1
3222,1642,1
3223,1627,1
3223,1629,1
3223,1645,1
3223,1646,1
3223,1647,1
3223,1658,1
3224,1650,1
3224,1651,1
3224,1652,1
3224,1653,1
3224,1654,1
3224,1655,1
3225,1643,1
3225,1644,1
3225,1659,1
3225,1660,1
3226,1661,1
3226,1662,1
3226,1669,1
3227,1663,1
3227,1664,1
3227,1666,1
3227,1668,1
3228,1670,1
3228,1671,1
3228,1672,1
3228,1685,1
3229,1656,1
3229,1657,1
3229,1673,1
3229,1674,1
3229,1675,1
3229,1683,1
3229,1684,1
3230,1676,1
3230,1677,1
3230,1678,1
3230,1681,1
3230,1682,1
3231,1679,1
3231,1680,1
3231,1909,1
3232,1686,1
3232,1687,1
3232,1688,1
3233,1665,1
3233,1667,1
3233,1690,1
3233,1691,1
3233,1692,1
3234,1693,1
3234,1694,1
3234,1695,1
3234,1696,1
3235,1689,1
3235,1697,1
3235,1698,1
3236,1699,1
3236,1700,1
3236,1701,1
3236,1702,1
3236,1703,1
3236,1715,1
3236,1716,1
3236,1717,1
3237,1704,1
3237,1705,1
3238,1706,1
3238,1707,1
3238,1708,1
3238,1709,1
3238,1710,1
3239,1711,1
3239,1712,1
3239,1713,1
3239,1714,1
3240,1719,1
3240,1720,1
3240,1727,1
3241,1721,1
3241,1722,1
3241,1723,1
3241,1724,1
3241,1725,1
3242,1726,1
3242,1728,1
3242,1753,1
3243,1718,1
3243,1729,1
3243,1731,1
3244,1733,1
3244,1736,1
3245,1734,1
3245,1750,1
3246,1735,1
3246,1737,1
3246,1748,1
3247,1738,1
3247,1739,1
3248,1741,1
3248,1742,1
3248,1743,1
3248,1744,1
3249,1740,1
3249,1745,1
3249,1746,1
3250,1730,1
3250,1732,1
3250,1751,1
3250,1752,1
3251,1754,1
3251,1755,1
3251,1756,1
3251,1757,1
3251,1759,1
3252,1761,1
3252,1762,1
3252,1763,1
3252,1764,1
3252,1765,1
3252,1766,1
3253,1768,1
3253,1769,1
3253,1772,1
3253,1773,1
3254,1767,1
3254,1770,1
3254,1771,1
3255,1747,1
3255,1749,1
3255,1774,1
3255,1775,1
3255,1776,1
3255,1777,1
3255,1778,1
3255,1779,1
3256,1780,1
3256,1781,1
3256,1782,1
3256,1783,1
3256,1784,1
3256,1793,1
3256,1794,1
3257,1786,1
3257,1787,1
3257,1788,1
3257,1789,1
3257,1885,1
3257,1886,1
3258,1785,1
3258,1791,1
3258,1792,1
3259,1795,1
3259,1796,1
3259,1797,1
3260,1798,1
3260,1799,1
3260,1800,1
3260,1801,1
3260,1802,1
3261,1803,1
3261,1804,1
3261,1805,1
3261,1806,1
3261,1807,1
3261,1808,1
3262,1760,1
3262,1809,1
3262,1810,1
3262,1811,1
3263,1758,1
3263,1812,1
3263,1813,1
3263,1814,1
3263,1815,1
3264,1816,1
3264,1817,1
3264,1862,1
3264,1863,1
3264,1864,1
3265,1818,1
3265,1819,1
3265,1820,1
3265,1821,1
3265,1822,1
3266,1823,1
3266,1824,1
3266,1825,1
3266,1826,1
3266,1827,1
3266,1828,1
3267,1829,1
3267,1830,1
3267,1831,1
3267,1832,1
3267,1833,1
3267,1834,1
3268,1835,1
3268,1836,1
3268,1837,1
3268,1838,1
3269,1839,1
3269,1840,1
3269,1841,1
3270,1842,1
3270,1843,1
3270,1844,1
3270,1845,1
3271,1846,1
3271,1847,1
3271,1848,1
3271,1849,1
3271,1850,1
3271,1851,1
3272,1852,1
3272,1853,1
3272,1854,1
3272,1855,1
3273,1856,1
3273,1857,1
3273,1858,1
3273,1859,1
3274,1860,1
3274,1861,1
3274,1865,1
3275,1866,1
3275,1867,1
3275,1868,1
3276,1869,1
3276,1870,1
3277,1871,1
3277,1873,1
3278,1872,1
3278,1874,1
3279,1875,1
3279,1876,1
3279,1877,1
3279,1878,1
3280,1879,1
3280,1880,1
3281,1881,1
3281,1882,1
3282,1790,1
3282,1883,1
3282,1884,1
3283,1888,1
3283,1889,1
3283,1892,1
3284,1887,1
3284,1890,1
3284,1891,1
3285,1893,1
3286,1894,1
3287,1895,1
3288,1896,1
3289,1897,1
3290,1898,1
3291,1899,1
3291,1900,1
3291,1901,1
3291,1902,1
3292,1903,1
3292,1904,1
3292,1906,1
3292,1907,1
3293,1905,1
3293,1908,1
3294,1910,1
3294,1911,1
3294,1928,1
3295,1912,1
3295,1913,1
3295,1914,1
3296,1915,1
3297,1916,1
3298,1917,1
3299,1918,1
3300,1919,1
3301,1920,1
3302,1921,1
3303,1922,1
3304,1923,1
3305,1924,1
3306,1925,1
3307,1926,1
3308,1927,1
3309,1648,1
3309,1649,1
3309,1929,1
3309,1930,1
3309,1931,1
3309,1932,1
3310,1933,1
3311,1934,1
3312,1935,1
3313,1936,1
3314,1937,1
3315,1938,1
3316,1939,1
3317,1940,1
3318,1941,1
3319,1942,1
3320,1943,1
3321,1944,1
3322,1945,1
3323,1946,1
3324,1947,1
3325,1948,1
3326,1949,1
3327,1950,1
3328,1951,1
3329,1952,1
3330,1953,1
3331,1954,1
3332,1955,1
3333,1956,1
3334,1957,1
3335,1958,1
3336,1959,1
3337,1960,1
3338,1961,1
3339,1962,1
3340,1963,1
3341,1964,1
3342,1965,1
3343,1966,1
3344,1967,1
3345,1968,1
3346,1969,1
3347,1970,1
3348,1971,1
3349,1972,1
3350,1973,1
3351,1974,1
3352,1975,1
3353,1976,1
3354,1977,1
3355,1978,1
3356,1979,1
3357,1980,1
3358,1981,1
3359,1982,1
3360,1983,1
3361,1984,1
3362,1985,1
3363,1986,1
3364,1987,1
3365,1988,1
3366,1989,1
3367,1990,1
3368,1991,1
3369,1992,1
3370,1993,1
3371,1994,1
3372,1995,1
3373,1996,1
3374,1997,1
3375,1998,1
3376,1999,1
3377,2000,1
3378,2001,1
3379,2002,1
3380,2003,1
3381,2004,1
3382,2005,1
3383,2006,1
3384,2007,1
3385,2008,1
3386,2009,1
3387,2010,1
3388,2011,1
3389,2012,1
3390,2013,1
3391,2014,1
3392,2015,1
3393,2016,1
3394,2017,1
3395,2018,1
3396,2019,1
3397,2020,1
3398,2021,1
3399,2022,1
3400,2023,1
3401,2024,1
3402,2025,1
3403,2026,1
3404,2027,1
3405,2028,1
3406,2029,1
3407,2030,1
3408,2031,1
3409,2032,1
3410,2033,1
3411,2034,1
3412,2035,1
3413,2036,1
3414,2037,1
3415,2038,1
3416,2039,1
3417,2040,1
3418,2041,1
3419,2042,1
3420,2043,1
3421,2044,1
3422,2045,1
3423,2046,1
3424,2047,1
3425,2048,1
3426,2049,1
3427,2050,1
3428,2051,1
3429,2052,1
3430,2053,1
3431,2054,1
3432,2055,1
3433,2056,1
3434,2057,1
3435,2058,1
3436,2059,1
3437,2060,1
3438,2061,1
3439,2062,1
3440,2063,1
3441,2064,1
3442,2065,1
3443,2066,1
3444,2067,1
3445,2068,1
3446,2069,1
3447,2070,1
3448,2071,1
3449,2072,1
3450,2073,1
3451,2074,1
3452,2075,1
3453,2076,1
3454,2077,1
3455,2078,1
3456,2079,1
3457,2080,1
3458,2081,1
3459,2082,1
3460,2083,1
3461,2084,1
3462,2085,1
3463,2086,1
3464,2087,1
3465,2088,1
3466,2091,1
3466,2095,1
3466,2096,1
3466,2097,1
3467,2092,1
3467,2093,1
3467,2094,1
3468,2089,1
3468,2090,1
3468,2098,1
3468,2099,1
3468,2100,1
3469,2101,1
3469,2132,1
3469,2133,1
3470,2102,1
3470,2103,1
3470,2104,1
3471,2105,1
3471,2106,1
3472,2107,1
3473,2108,1
3474,2109,1
3475,2110,1
3476,2111,1
3476,2112,1
3476,2113,1
3477,2114,1
3477,2151,1
3477,2152,1
3478,2115,1
3478,2116,1
3478,2117,1
3478,2118,1
3478,2119,1
3478,2121,1
3478,2122,1
3479,2120,1
3479,2123,1
3479,2149,1
3479,2150,1
3480,2124,1
3480,2125,1
3480,2126,1
3480,2127,1
3480,2128,1
3480,2129,1
3481,2130,1
3481,2131,1
3482,2134,1
3482,2135,1
3482,2136,1
3483,2137,1
3483,2138,1
3484,2139,1
3484,2140,1
3485,2141,1
3485,2142,1
3485,2143,1
3485,2144,1
3486,2145,1
3486,2146,1
3486,2147,1
3486,2148,1
3487,2153,1
3487,2154,1
3487,2213,1
3487,2214,1
3487,2217,1
3488,2155,1
3489,2159,1
3489,2160,1
3489,2161,1
3489,2162,1
3489,2163,1
3489,2164,1
3489,2170,1
3490,2158,1
3490,2165,1
3490,2166,1
3490,2167,1
3490,2168,1
3490,2169,1
3491,2171,1
3491,2172,1
3491,2173,1
3491,2174,1
3492,2176,1
3492,2177,1
3492,2178,1
3492,2179,1
3493,2175,1
3493,2180,1
3493,2181,1
3493,2182,1
3493,2183,1
3493,2184,1
3493,2185,1
3494,2187,1
3494,2188,1
3494,2189,1
3494,2192,1
3494,2193,1
3494,2194,1
3494,2196,1
3494,2197,1
3495,2186,1
3495,2190,1
3495,2191,1
3495,2195,1
3495,2198,1
3496,2199,1
3496,2200,1
3496,2201,1
3496,2202,1
3496,2248,1
3497,2156,1
3497,2157,1
3497,2203,1
3497,2204,1
3497,2208,1
3498,2205,1
3498,2206,1
3498,2207,1
3498,2209,1
3498,2239,1
3498,2240,1
3499,2210,1
3499,2211,1
3499,2212,1
3500,2215,1
3501,2216,1
3502,2218,1
3502,2226,1
3502,2358,1
3502,2359,1
3502,2360,1
3503,2220,1
3503,2223,1
3503,2224,1
3503,2225,1
3503,2229,1
3504,2219,1
3504,2221,1
3504,2222,1
3504,2227,1
3504,2228,1
3504,2231,1
3504,2232,1
3505,2233,1
3505,2234,1
3505,2235,1
3505,2236,1
3505,2237,1
3505,2238,1
3505,2241,1
3505,2242,1
3505,2243,1
3505,2244,1
3505,2245,1
3505,2246,1
3505,2247,1
3506,2249,1
3507,2252,1
3507,2253,1
3507,2254,1
3507,2255,1
3507,2256,1
3507,2271,1
3507,2272,1
3507,2273,1
3507,2274,1
3508,2250,1
3508,2251,1
3508,2257,1
3508,2258,1
3508,2259,1
3508,2260,1
3508,2261,1
3508,2263,1
3508,2265,1
3508,2267,1
3508,2269,1
3509,2275,1
3509,2276,1
3509,2277,1
3509,2278,1
3509,2299,1
3509,2301,1
3510,2270,1
3510,2279,1
3510,2280,1
3510,2281,1
3510,2282,1
3510,2283,1
3510,2284,1
3511,2262,1
3511,2264,1
3511,2266,1
3511,2268,1
3511,2285,1
3511,2286,1
3511,2287,1
3511,2288,1
3511,2289,1
3511,2290,1
3512,2291,1
3512,2292,1
3512,2293,1
3512,2294,1
3512,2295,1
3512,2296,1
3512,2297,1
3512,2298,1
3512,2300,1
3513,2304,1
3513,2305,1
3513,2306,1
3513,2307,1
3514,2303,1
3514,2308,1
3514,2309,1
3514,2310,1
3514,2311,1
3515,2302,1
3515,2312,1
3515,2315,1
3515,2316,1
3515,2319,1
3516,2313,1
3516,2314,1
3516,2317,1
3516,2320,1
3516,2321,1
3517,2318,1
3517,2322,1
3517,2325,1
3517,2330,1
3518,2323,1
3518,2324,1
3518,2326,1
3518,2327,1
3518,2328,1
3518,2329,1
3519,2331,1
3520,2332,1
3520,2333,1
3521,2334,1
3521,2335,1
3521,2336,1
3522,2340,1
3522,2341,1
3522,2342,1
3522,2348,1
3522,2349,1
3523,2230,1
3523,2337,1
3523,2338,1
3523,2339,1
3523,2344,1
3523,2345,1
3523,2346,1
3523,2347,1
3524,2343,1
3524,2350,1
3524,2351,1
3524,2352,1
3524,2353,1
3524,2354,1
3524,2355,1
3524,2356,1
3524,2357,1
3525,2361,1
3525,2369,1
3525,2370,1
3526,2362,1
3527,2363,1
3528,2364,1
3529,2365,1
3530,2366,1
3531,2367,1
3532,2368,1
3533,2371,1
3533,2372,1
3533,2373,1
3533,2376,1
3534,2374,1
3534,2375,1
3534,2377,1
3535,2378,1
3535,2379,1
3535,2380,1
3535,2438,1
3536,2381,1
3536,2382,1
3537,2383,1
3537,2384,1
3537,2388,1
3538,2387,1
3538,2389,1
3538,2390,1
3538,2426,1
3539,2391,1
3539,2392,1
3539,2394,1
3540,2393,1
3540,2395,1
3540,2396,1
3541,2397,1
3541,2398,1
3541,2399,1
3541,2401,1
3542,2400,1
3542,2402,1
3542,2415,1
3543,2403,1
3543,2413,1
3543,2414,1
3544,2404,1
3544,2405,1
3544,2406,1
3545,2407,1
3545,2408,1
3545,2409,1
3545,2410,1
3545,2411,1
3545,2497,1
3546,2416,1
3546,2417,1
3546,2419,1
3547,2420,1
3547,2421,1
3547,2422,1
3548,2423,1
3548,2424,1
3548,2425,1
3549,2427,1
3549,2428,1
3550,2385,1
3550,2386,1
3550,2429,1
3551,2430,1
3551,2431,1
3551,2432,1
3551,2433,1
3552,2434,1
3552,2435,1
3553,2439,1
3553,2440,1
3553,2441,1
3553,2442,1
3553,2444,1
3553,2445,1
3553,2446,1
3553,2547,1
3554,2443,1
3555,2453,1
3555,2454,1
3555,2456,1
3555,2461,1
3555,2462,1
3556,2451,1
3556,2452,1
3556,2455,1
3556,2457,1
3556,2458,1
3556,2459,1
3557,2460,1
3557,2465,1
3557,2466,1
3557,2467,1
3557,2468,1
3557,2469,1
3558,2463,1
3558,2464,1
3558,2470,1
3558,2471,1
3558,2472,1
3558,2473,1
3559,2474,1
3559,2475,1
3559,2476,1
3559,2477,1
3559,2478,1
3559,2479,1
3559,2480,1
3560,2418,1
3560,2481,1
3560,2482,1
3560,2483,1
3560,2484,1
3560,2486,1
3561,2485,1
3561,2487,1
3561,2488,1
3561,2489,1
3561,2490,1
3561,2491,1
3562,2412,1
3562,2492,1
3562,2493,1
3563,2494,1
3563,2495,1
3563,2496,1
3564,2498,1
3564,2499,1
3564,2500,1
3564,2501,1
3565,2502,1
3565,2503,1
3565,2504,1
3565,2505,1
3566,2507,1
3566,2508,1
3566,2512,1
3566,2513,1
3567,2506,1
3567,2509,1
3567,2510,1
3567,2511,1
3568,2514,1
3568,2515,1
3568,2574,1
3568,2575,1
3568,2576,1
3569,2516,1
3569,2519,1
3569,2521,1
3569,2522,1
3570,2517,1
3570,2518,1
3570,2520,1
3570,2523,1
3570,2570,1
3570,2571,1
3570,2572,1
3570,2573,1
3571,2524,1
3571,2525,1
3571,2526,1
3571,2527,1
3571,2530,1
3571,2568,1
3572,2528,1
3572,2529,1
3572,2531,1
3572,2532,1
3572,2533,1
3572,2566,1
3572,2567,1
3573,2534,1
3573,2535,1
3573,2536,1
3573,2537,1
3574,2538,1
3574,2539,1
3574,2540,1
3575,2436,1
3575,2437,1
3575,2447,1
3575,2448,1
3575,2449,1
3575,2450,1
3575,2541,1
3575,2542,1
3575,2543,1
3575,2544,1
3576,2548,1
3577,2549,1
3578,2545,1
3578,2546,1
3578,2550,1
3578,2551,1
3578,2552,1
3579,2553,1
3579,2554,1
3579,2555,1
3579,2556,1
3580,2557,1
3580,2558,1
3580,2559,1
3581,2560,1
3581,2561,1
3581,2562,1
3581,2563,1
3581,2564,1
3581,2565,1
3582,2577,1
3582,2578,1
3582,2579,1
3582,2580,1
3582,2587,1
3582,2589,1
3583,2581,1
3583,2582,1
3584,2586,1
3584,2588,1
3584,2627,1
3584,2628,1
3585,2590,1
3585,2591,1
3585,2592,1
3585,2593,1
3585,2594,1
3585,2595,1
3585,2596,1
3585,2598,1
3586,2569,1
3586,2599,1
3586,2600,1
3586,2601,1
3586,2602,1
3586,2603,1
3586,2604,1
3587,2605,1
3587,2606,1
3587,2607,1
3587,2608,1
3587,2609,1
3587,2610,1
3587,2611,1
3587,2612,1
3588,2613,1
3588,2614,1
3588,2615,1
3588,2616,1
3588,2617,1
3589,2597,1
3589,2618,1
3589,2619,1
3589,2620,1
3589,2621,1
3590,2622,1
3590,2623,1
3590,2624,1
3590,2625,1
3590,2626,1
3591,2585,1
3591,2630,1
3591,2631,1
3592,2629,1
3592,2632,1
3592,2633,1
3592,2643,1
3592,2644,1
3592,2645,1
3593,2583,1
3593,2584,1
3593,2634,1
3593,2635,1
3593,2636,1
3593,2637,1
3593,2638,1
3594,2639,1
3594,2640,1
3595,2641,1
3595,2642,1
3596,2646,1
3596,2647,1
3596,2648,1
3596,2649,1
3597,2650,1
3597,2651,1
3597,2652,1
3597,2653,1
3597,2654,1
3597,2655,1
3597,2656,1
3597,2657,1
3598,2658,1
3598,2659,1
3598,2660,1
3598,2661,1
3599,2662,1
3599,2663,1
3599,2664,1
3599,2665,1
3600,2666,1
3600,2667,1
3600,2668,1
3601,3467,1
3601,3468,1
3601,3469,1
3601,3470,1
3602,3471,1
3602,3472,1
3602,3484,1
3602,3485,1
3603,3473,1
3603,3474,1
3604,3475,1
3604,3476,1
3604,3477,1
3604,3478,1
3604,3479,1
3605,3480,1
3605,3481,1
3605,3482,1
3605,3483,1
3605,3489,1
3606,3486,1
3606,3487,1
3607,3490,1
3607,3491,1
3607,3492,1
3608,3493,1
3608,3494,1
3608,3495,1
3609,3496,1
3609,3518,1
3610,3497,1
3610,3498,1
3610,3499,1
3611,3500,1
3611,3501,1
3611,3502,1
3612,3488,1
3612,3503,1
3612,3504,1
3612,3505,1
3612,3506,1
3612,3507,1
3613,3509,1
3613,3512,1
3614,3508,1
3614,3510,1
3614,3511,1
3614,3513,1
3615,3514,1
3615,3515,1
3616,3516,1
3616,3517,1
3617,3519,1
3617,3520,1
3617,3521,1
3617,3522,1
3618,3525,1
3618,3528,1
3619,3523,1
3619,3524,1
3619,3526,1
3619,3527,1
3620,3529,1
3620,3530,1
3620,3531,1
3620,3532,1
3620,3533,1
3620,3534,1
3621,3537,1
3621,3538,1
3621,3539,1
3621,3546,1
3621,3548,1
3622,3540,1
3622,3541,1
3622,3542,1
3622,3544,1
3623,3547,1
3623,3549,1
3623,3551,1
3623,3569,1
3623,3571,1
3624,3535,1
3624,3536,1
3624,3550,1
3624,3552,1
3624,3553,1
3625,3554,1
3625,3555,1
3625,3556,1
3626,3557,1
3627,3558,1
3628,3559,1
3629,3560,1
3630,3561,1
3631,3562,1
3632,3563,1
3632,3565,1
3632,3566,1
3632,3567,1
3633,3568,1
3633,3605,1
3634,3543,1
3634,3545,1
3634,3573,1
3634,3574,1
3634,3575,1
3635,3570,1
3635,3572,1
3635,3579,1
3635,3580,1
3635,3581,1
3635,3582,1
3636,3577,1
3636,3578,1
3636,3583,1
3636,3584,1
3636,3585,1
3637,3576,1
3637,3586,1
3637,3587,1
3637,3588,1
3638,3589,1
3638,3590,1
3638,3591,1
3638,3592,1
3638,3593,1
3638,3594,1
3639,3609,1
3639,3610,1
3639,3611,1
3639,3612,1
3639,3627,1
3639,3628,1
3640,3602,1
3640,3604,1
3640,3613,1
3640,3614,1
3640,3615,1
3640,3616,1
3641,3596,1
3641,3597,1
3641,3599,1
3641,3617,1
3641,3618,1
3641,3619,1
3641,3620,1
3641,3621,1
3642,3595,1
3642,3598,1
3642,3600,1
3642,3601,1
3642,3603,1
3642,3622,1
3642,3623,1
3642,3624,1
3642,3625,1
3643,3626,1
3644,3629,1
3644,3630,1
3645,3564,1
3645,3606,1
3645,3607,1
3645,3608,1
3645,3631,1
3646,3632,1
3647,3633,1
3648,3634,1
3649,3635,1
3650,3636,1
3651,3637,1
3652,3638,1
3653,3639,1
3654,3640,1
3655,3641,1
3656,3642,1
3657,3643,1
3658,3644,1
3659,3645,1
3660,3646,1
3661,3647,1
3662,3648,1
3663,3649,1
3664,3650,1
3665,3651,1
3666,3652,1
3667,3653,1
3668,3654,1
3669,3655,1
3670,3656,1
3671,3657,1
3672,3658,1
3673,3659,1
3674,3660,1
3675,3661,1
3676,3662,1
3677,3663,1
3678,3664,1
3679,3665,1
3680,3666,1
3681,3667,1
3682,3668,1
3683,3669,1
3684,3670,1
3685,3671,1
3686,3672,1
3687,3673,1
3688,3674,1
3689,3675,1
3690,3676,1
3691,3677,1
3692,3678,1
3693,3679,1
3694,3680,1
3695,3681,1
3696,3682,1
3696,3683,1
3696,3684,1
3696,3685,1
3697,3686,1
3697,3687,1
3697,3688,1
3697,3689,1
3698,3690,1
3698,3691,1
3698,3692,1
3698,3693,1
3698,3694,1
3699,3695,1
3699,3696,1
3699,3697,1
3700,3698,1
3700,3699,1
3700,3700,1
281,3374,0.09495658794112521
1252,3376,0.0711955281993133
1452,3409,0.1491667379754066
1498,3425,0.05062721758031688
1555,3374,0.078934735010356
1554,3376,0.06960970728488944
1553,3409,0.05605100943224285
1552,3425,0.04388787750038743
