countid,screenlineid,Screenline,AADT
7,107,,62000
8,107,,62000
16,90,,61000
19,114,,69000
43,125,,84500
44,125,,84500
49,90,,76000
51,90,,116000
52,128,,116000
53,90,,99500
58,82,NS-02,107000
553,90,,122000
556,4,,227000
755,90,,47000
3733,90,,121000
3734,90,,23000
3736,90,,1800
3750,90,,5800
5273,90,,5400
5275,90,,12550
777778,90,,114000
777779,90,,64000
777780,90,,22000
777782,90,,6500
777783,90,,8000
777784,90,,102000
777785,90,,4200
777786,90,,92000
777788,90,,16000
777789,90,,100000
777790,90,,7800
777792,90,,4100
777793,90,,71000
777794,90,,71000
777795,90,,15000
777796,90,,5200
777797,90,,9900
777800,90,,6400
777801,90,,93000
777802,90,,3700
777803,90,,6300
777804,90,,5500
777805,90,,4000
777806,90,,99000
777808,90,,9300
777809,90,,69000
777812,90,,8300
777813,90,,53000
777814,90,,3100
777815,90,,8400
777816,90,,3800
777818,90,,59000
777820,90,,3500
777821,90,,4400
777823,90,,5300
777824,90,,6000
777825,90,,48000
777826,90,,5300
777827,90,,6200
777829,90,,4500
777830,85,NS-05,58000
777833,90,,4400
777834,90,,128000
777837,90,,115000
777839,90,,4000
777840,90,,4600
777844,90,,2250
777845,90,,2200
777846,90,,2300
777847,90,,13000
777848,90,,80000
777849,73,EW-01,55000
777850,90,,12000
777852,90,,64000
777853,90,,7400
777855,90,,9300
777856,90,,8800
777857,90,,76000
777859,90,,10000
777860,90,,3000
777861,90,,59500
777864,90,,122000
777865,90,,7000
777868,90,,2200
777869,90,,38000
777872,90,,5900
777873,90,,3800
777874,90,,720
777875,90,,2300
777876,90,,84000
777877,90,,2900
777878,90,,4900
777879,90,,980
777881,90,,2500
777882,90,,7400
777883,90,,3000
777884,90,,700
777885,90,,2900
777886,90,,4700
777887,90,,6700
777888,90,,5900
777889,90,,2900
777890,90,,4200
777891,90,,7800
777892,90,,84000
777894,90,,5700
777895,90,,6600
777896,90,,130000
777897,90,,7100
777899,90,,8300
777900,90,,7600
777901,90,,68000
777902,90,,9000
777904,90,,8500
777905,90,,83000
777907,90,,2000
777908,90,,83000
777911,90,,118000
777912,90,,1200
777915,90,,4500
777916,90,,73000
777919,74,EW-02,91000
777920,90,,1900
777921,90,,5700
777928,90,,61000
777931,90,,7600
777932,90,,76000
777934,90,,154000
777938,90,,7300
777939,90,,3900
777942,90,,69000
777944,90,,4400
777947,90,,84000
777950,90,,24050
777952,77,EW-05,53576
777953,90,,54400
777957,90,,149000
777959,90,,14000
777960,90,,3700
777961,90,,2500
777962,90,,76000
777964,90,,7200
777965,90,,3100
777966,90,,84000
777968,90,,101000
777969,90,,135000
777970,90,,12000
777973,90,,420
777975,90,,7100
777976,90,,4600
777977,90,,4100
777978,90,,10000
777979,90,,7600
777981,90,,6700
777982,90,,12000
777983,90,,149000
777984,90,,111000
777985,90,,1700
777986,90,,136000
777987,90,,13000
777991,90,,7400
777992,90,,120000
777993,90,,19000
777994,90,,113000
777995,90,,19000
777996,90,,2900
777997,90,,58000
777998,90,,2100
777999,90,,17000
778001,90,,11000
778002,90,,16000
778004,90,,7600
778005,90,,5500
778007,90,,2100
778008,90,,5600
778009,90,,30000
778010,90,,106000
778011,90,,25000
778014,90,,12000
778017,76,EW-04,179000
778018,90,,5700
778020,90,,145000
778021,90,,12000
778024,90,,3000
778025,90,,11000
778026,90,,41000
778028,90,,171000
778030,90,,4000
778036,90,,3200
778038,90,,3200
778039,90,,163000
778042,90,,12000
778045,90,,4000
778046,5,,203000
778047,90,,5300
778050,90,,18000
778052,90,,201000
778053,90,,1800
778054,90,,4600
778055,90,,9500
778056,90,,184000
778058,90,,5500
778060,90,,90000
778062,90,,15000
778064,90,,5500
778065,90,,3600
778066,90,,3200
778068,90,,9300
778069,90,,18000
778072,90,,11000
778074,90,,14000
778075,90,,8000
778076,90,,2400
778077,90,,35000
778078,90,,3200
778080,90,,24000
778081,90,,60000
778085,90,,74000
778088,90,,11000
778089,90,,39000
778090,90,,8100
778091,90,,3100
778092,90,,46000
778094,90,,53000
778096,90,,6700
778097,90,,39000
778100,90,,73000
778104,90,,41000
778108,90,,7700
778109,90,,84000
778110,90,,7000
778111,90,,28000
778113,90,,6000
778116,90,,7300
778118,90,,30000
778120,90,,88000
778122,90,,3800
778123,90,,3900
778125,90,,4700
778126,90,,74000
778130,90,,8600
778132,90,,5100
778133,90,,5300
778134,90,,30000
778136,90,,22500
778138,90,,2200
778140,90,,5200
778141,90,,2400
778142,90,,28000
778143,82,NS-02,85000
778148,90,,4600
778149,90,,24624
778153,90,,1400
778154,90,,1400
778155,90,,2600
778157,90,,4600
778158,90,,4000
778160,90,,23550
778163,82,NS-02,34000
778165,90,,4300
778166,82,NS-02,107000
778169,90,,11000
778170,90,,62000
778172,90,,14000
778173,90,,26324
778174,90,,12000
778175,90,,183000
778176,90,,48550
778177,90,,51776
778181,90,,48576
778184,78,EW-06,28150
778185,90,,53350
778187,90,,29876
778188,90,,57850
778190,90,,56824
778192,90,,54150
778195,90,,15000
778196,90,,12000
778197,90,,5500
778198,90,,8000
778199,90,,11000
778200,90,,6100
778202,90,,13000
778203,90,,90000
778204,90,,324
778206,90,,11000
778207,90,,204000
778208,90,,30050
778211,90,,28276
778212,90,,73000
778213,90,,25076
778216,90,,8600
778217,90,,73000
778219,80,EW-08,121000
778220,90,,8300
778221,90,,6800
778222,90,,6400
778224,90,,17000
778225,90,,95000
778226,90,,23576
778228,90,,3300
778229,90,,87000
778230,90,,16000
778232,90,,6200
778233,90,,4200
778234,90,,38000
778236,75,EW-03,30000
778238,90,,44000
778239,90,,12000
778240,90,,4600
778241,90,,98000
778243,90,,7700
778244,90,,5100
778246,90,,400
778248,90,,88000
778249,90,,4800
778251,90,,2200
778252,75,EW-03,93000
778254,90,,93000
778255,90,,2500
778257,90,,7900
778258,90,,41000
778259,90,,29000
778260,90,,38000
778261,90,,7900
778263,90,,7900
778264,90,,500
778265,90,,7200
778268,90,,38000
778269,90,,130000
778270,90,,21200
778271,90,,2224
778272,90,,6124
778273,90,,700
778274,90,,6424
778275,90,,1424
778276,90,,21150
778277,90,,1424
778278,90,,850
778279,90,,1624
778280,90,,1700
778281,90,,2076
778282,90,,5750
778283,90,,376
778284,90,,5476
778285,90,,2550
778286,90,,1150
778287,90,,2650
778288,90,,6200
778289,90,,15524
778290,90,,20176
778291,90,,7800
778292,90,,5476
778293,77,EW-05,14800
778294,90,,876
778295,90,,7950
778296,90,,5750
778297,90,,3424
778298,90,,1350
778299,90,,4776
778300,90,,5524
778301,84,NS-04,1976
778302,84,NS-04,10836
778303,84,NS-04,13524
778304,90,,5676
778305,90,,7200
778306,90,,2476
778307,90,,1276
778308,90,,2624
778310,90,,1200
778311,90,,2276
778312,90,,3124
778313,84,NS-04,10324
778314,73,EW-01,3276
778315,90,,700
778316,90,,1824
778317,79,EW-07,2124
778318,90,,1300
778319,90,,3300
778320,90,,1676
778321,90,,2276
778322,90,,21000
778323,90,,6250
778324,90,,2650
778325,90,,1924
778326,90,,11724
778327,77,EW-05,21000
778328,90,,6676
778329,90,,1376
778330,90,,224
778331,90,,400
778332,90,,4924
778333,90,,24
778334,90,,20000
778335,90,,18000
778336,75,EW-03,24000
778337,90,,2724
778338,90,,20000
778339,90,,600
778340,90,,776
778341,90,,12300
778342,90,,17000
778343,90,,2576
778344,90,,2800
778345,90,,2000
778346,90,,3050
778347,77,EW-05,5700
778348,90,,4976
778349,90,,4724
778350,90,,1000
778351,90,,3656
778352,85,NS-05,7800
778353,90,,3224
778354,85,NS-05,5400
778355,85,NS-05,12550
778356,90,,4700
778357,90,,1850
778358,90,,9000
778359,90,,8000
778360,90,,1848
778361,90,,4900
778362,90,,3300
778363,90,,2700
778364,90,,3676
778365,90,,10450
778366,77,EW-05,1700
778367,85,NS-05,9350
778368,90,,3976
778369,90,,9300
778370,90,,6476
778371,90,,2224
778372,90,,9350
778373,90,,976
778374,90,,3050
778375,90,,1276
778376,90,,4000
778377,90,,53000
778378,90,,6200
778379,90,,9600
778380,90,,7700
778381,77,EW-05,1900
778382,90,,1700
778383,90,,46000
778384,90,,5924
778385,90,,11824
778386,90,,14524
778387,90,,2776
778388,90,,3550
778389,90,,5276
778390,90,,6776
778391,90,,3276
778392,90,,4476
778393,90,,3424
778394,90,,3576
778395,90,,1950
778396,90,,1900
778397,90,,12724
778398,90,,350
778399,77,EW-05,4454
778400,90,,1124
778401,90,,1250
778402,90,,1300
778403,90,,2176
778404,90,,4024
778405,90,,13324
778406,73,EW-01,450
778407,90,,12624
778408,90,,850
778409,90,,6300
778410,77,EW-05,16076
778411,90,,19350
778412,90,,18124
778413,90,,52000
778414,90,,15424
778415,90,,13276
778416,90,,32000
778417,90,,7200
778418,90,,5176
778419,90,,1900
778420,90,,8976
778421,90,,1100
778422,90,,2050
778423,90,,8900
778424,90,,1000
778425,90,,4724
778426,90,,29000
778427,90,,7976
778428,90,,624
778429,90,,12924
778430,90,,3124
778431,90,,4250
778432,90,,11876
778433,90,,7200
778434,77,EW-05,12924
778435,86,NS-06,3124
778436,90,,14850
778437,86,NS-06,724
778438,90,,12800
778439,86,NS-06,10350
778440,90,,10976
778441,86,NS-06,23000
778442,86,NS-06,1576
778443,90,,10124
778444,90,,14150
778445,86,NS-06,5324
778446,90,,11476
778447,86,NS-06,2650
778448,90,,11624
778449,90,,1776
778450,90,,350
778451,90,,1024
778452,90,,14184
778453,90,,9500
778454,86,NS-06,2276
778455,90,,8224
778456,90,,2200
778457,90,,3500
778458,90,,1350
778459,90,,6600
778460,90,,8976
778461,90,,1600
778462,90,,1324
778463,90,,3024
778464,90,,4650
778465,90,,24000
778466,90,,7650
778467,90,,3050
778468,90,,4500
778469,90,,4824
778470,90,,20000
778471,90,,1650
778472,90,,13000
778473,90,,224
778474,73,EW-01,10000
778475,90,,7576
778476,90,,424
778477,90,,3076
778478,90,,4150
778479,90,,5376
778480,90,,324
778481,90,,400
778482,90,,2400
778483,90,,14250
778484,90,,1950
778485,90,,450
778486,90,,5200
778487,90,,11000
778488,90,,5900
778489,90,,676
778490,90,,2324
778491,90,,2324
778492,90,,2376
778493,90,,25000
778494,90,,750
778495,90,,4476
778496,90,,4724
778497,90,,23550
778498,90,,17676
778499,90,,1224
778500,90,,6250
778501,90,,3500
778502,90,,3950
778503,90,,4100
778504,90,,7400
778505,90,,6424
778506,90,,3300
778507,90,,1700
778508,90,,2650
778509,90,,4150
778510,90,,6200
778511,90,,6700
778512,90,,3300
778513,90,,3300
778514,90,,19000
778515,90,,21000
778516,90,,9800
778517,90,,6224
778518,90,,7150
778519,90,,7576
778520,90,,16350
778521,90,,8150
778522,90,,9724
778523,90,,2200
778524,90,,8750
778525,90,,4176
778526,90,,1800
778527,90,,4076
778528,90,,1600
778529,90,,1100
778530,90,,1100
778531,90,,1300
778532,90,,1500
778533,90,,3124
778534,76,EW-04,10050
778535,90,,5876
778536,90,,8476
778537,90,,10650
778538,90,,2276
778539,90,,5150
778540,90,,7524
778541,90,,3950
778542,90,,5200
778543,73,EW-01,3424
778544,90,,3476
778545,90,,2624
778546,90,,6850
778547,90,,2524
778548,90,,7576
778549,90,,1650
778550,90,,5700
778551,90,,7224
778552,90,,4276
778553,90,,1524
778554,90,,1676
778555,90,,3176
778556,90,,1400
778557,90,,4900
778558,90,,4024
778559,73,EW-01,2676
778560,90,,4076
778561,90,,3050
778562,90,,7476
778563,90,,23000
778564,90,,10000
778565,90,,1300
778566,90,,14000
778567,90,,8376
778568,90,,4024
778569,90,,900
778570,90,,400
778571,90,,2850
778572,90,,3576
778573,79,EW-07,13000
778574,90,,14000
778575,90,,1976
778576,73,EW-01,900
778577,90,,8400
778578,90,,1950
778579,90,,1000
778580,90,,1076
778581,79,EW-07,1450
778582,90,,14000
778583,90,,600
778584,90,,1000
778585,90,,524
778586,90,,5776
778587,90,,3724
778588,90,,4000
778589,90,,1776
778590,90,,20000
778591,90,,20000
778592,90,,28000
778593,90,,23000
778594,90,,21000
778595,90,,600
778596,90,,15000
778597,90,,500
778598,90,,12000
778599,90,,11000
778600,90,,9800
778601,90,,6800
778602,90,,6200
778603,90,,1200
778604,90,,1400
778605,90,,21376
778606,90,,5078
778607,79,EW-07,442
778608,90,,7900
778609,90,,11000
778610,90,,924
778611,90,,7400
778612,90,,1100
778613,90,,676
778614,79,EW-07,776
778615,90,,824
778616,90,,976
778617,90,,376
778618,90,,1824
778619,90,,800
778620,76,EW-04,5002
778621,90,,15800
778622,79,EW-07,450
778623,90,,4450
778624,77,EW-05,29700
778625,90,,31050
778626,81,NS-01,8800
778627,90,,16776
778628,90,,15800
778629,90,,5900
778630,90,,1776
778631,76,EW-04,12550
778632,90,,21000
778633,90,,14000
778634,90,,300
778635,90,,400
778636,90,,24000
778637,81,NS-01,29050
778638,90,,23000
778639,90,,30016
778640,81,NS-01,12976
778641,90,,30224
778642,90,,28000
778643,90,,32000
778644,90,,29000
778645,90,,27380
778646,90,,11400
778647,90,,28500
778648,90,,3050
778649,90,,26700
778650,90,,27624
778651,90,,10824
778652,90,,17000
778653,90,,576
778654,90,,4024
778655,90,,4000
778656,90,,1650
778657,90,,2324
778658,90,,750
778659,90,,1550
778660,90,,600
778661,90,,5376
778662,90,,1776
778663,90,,4200
778664,90,,3200
778665,90,,5450
778666,77,EW-05,5750
778667,90,,8624
778668,90,,1124
778669,76,EW-04,4050
778670,90,,7200
778671,90,,600
778672,90,,676
778673,90,,26150
778674,90,,23150
778675,90,,1350
778676,90,,6100
778677,90,,2850
778678,90,,1924
778679,90,,4124
778680,90,,3424
778681,90,,200
778682,79,EW-07,3476
778683,90,,4176
778684,90,,1200
778685,90,,3676
778686,90,,676
778687,90,,16000
778688,90,,2250
778689,90,,1300
778690,76,EW-04,9050
778691,90,,2424
778692,90,,350
778693,90,,2250
778694,90,,324
778695,90,,1250
778696,90,,9150
778697,90,,1000
778698,90,,648
778699,90,,3600
778700,90,,2024
778701,90,,5024
778702,90,,8524
778703,90,,16850
778704,90,,924
778705,90,,3650
778706,90,,4424
778707,90,,1024
778708,90,,3450
778709,90,,4050
778710,90,,2124
778711,90,,750
778712,90,,4500
778713,77,EW-05,3100
778714,90,,8650
778715,90,,11000
778716,90,,13976
778717,90,,6224
778718,77,EW-05,12324
778719,90,,2124
778720,90,,10400
778721,90,,3900
778722,90,,12650
778723,90,,11676
778724,90,,11500
778725,90,,10676
778726,90,,4400
778727,90,,950
778728,90,,10250
778729,90,,1800
778730,90,,12100
778731,90,,12476
778732,90,,40000
778733,90,,624
778734,78,EW-06,40000
778735,90,,29000
778736,90,,29000
778737,90,,35000
778738,90,,32000
778739,90,,27000
778740,90,,5000
778741,90,,976
778742,90,,2100
778743,90,,2200
778744,90,,1850
778745,90,,2876
778746,90,,34000
778747,77,EW-05,41000
778748,90,,18950
778749,90,,24000
778750,90,,300
778751,90,,24000
778752,76,EW-04,22000
778753,90,,4850
778754,90,,7524
778755,90,,4900
778756,90,,16124
778757,90,,1776
778758,90,,1900
778759,90,,924
778760,90,,3876
778761,90,,4050
778762,90,,1424
778763,90,,21000
778764,90,,21000
778765,90,,2224
778766,90,,38000
778767,90,,20000
778768,90,,22000
778769,90,,2700
778770,90,,776
778771,90,,2500
778772,90,,38000
778773,90,,4250
778774,90,,1676
778775,90,,14824
778776,90,,15050
778777,76,EW-04,1624
778778,90,,3650
778779,90,,5500
778780,78,EW-06,7750
778781,90,,17450
778782,90,,5950
778783,90,,4100
778784,90,,5676
778785,90,,6450
778786,90,,2924
778787,90,,4724
778788,90,,5500
778789,90,,12676
778790,90,,4400
778791,90,,2600
778792,90,,376
778793,90,,1476
778794,90,,2000
778795,90,,1550
778796,79,EW-07,2324
778797,90,,3600
778798,90,,1300
778799,90,,3250
778800,90,,524
778801,90,,5724
778802,90,,5624
778803,90,,4750
778804,90,,8076
778805,90,,612
778806,90,,500
778807,90,,2700
778808,90,,2700
778809,90,,1024
778810,90,,500
778811,90,,2450
778812,90,,2250
778813,76,EW-04,2750
778814,90,,4524
778815,90,,18100
778816,90,,3300
778817,90,,2124
778818,90,,4150
778819,90,,3050
778820,90,,2750
778821,90,,8900
778822,90,,9200
778823,90,,3024
778824,90,,1476
778825,90,,800
778826,90,,10676
778827,90,,1676
778828,77,EW-05,10200
778829,90,,13276
778830,90,,3450
778831,90,,7276
778832,76,EW-04,7076
778833,90,,4624
778834,90,,7300
778835,90,,5500
778836,90,,1476
778837,90,,1576
778838,90,,800
778839,90,,6476
778840,90,,1224
778841,78,EW-06,5624
778842,90,,5476
778843,90,,1600
778844,90,,4050
778845,90,,2776
778846,82,NS-02,1600
778847,90,,13050
778848,90,,13150
778849,90,,4600
778850,90,,13476
778851,90,,1376
778852,82,NS-02,17350
778853,90,,976
778854,90,,16312
778855,82,NS-02,7950
778856,82,NS-02,4800
778857,90,,13176
778858,90,,15076
778859,90,,4476
778860,76,EW-04,12700
778861,90,,850
778862,90,,876
778863,82,NS-02,4776
778864,90,,22000
778865,90,,4876
778866,90,,6250
778867,90,,6200
778868,82,NS-02,3876
778869,90,,5076
778870,77,EW-05,14600
778871,82,NS-02,10950
778872,78,EW-06,13150
778873,90,,17424
778874,90,,9824
778875,90,,23550
778876,90,,10050
778877,90,,3050
778878,90,,7450
778879,90,,18000
778880,90,,1500
778881,90,,800
778882,76,EW-04,876
778883,82,NS-02,7024
778884,90,,650
778885,82,NS-02,1076
778886,90,,250
778887,90,,10476
778888,82,NS-02,3524
778889,82,NS-02,26000
778890,90,,10524
778891,82,NS-02,2676
778892,82,NS-02,4324
778893,82,NS-02,20900
778894,82,NS-02,750
778895,82,NS-02,15700
778896,90,,7076
778897,82,NS-02,3050
778898,82,NS-02,700
778899,90,,8576
778900,90,,8124
778901,90,,10924
778902,90,,6376
778903,90,,11050
778904,90,,13376
778905,90,,7124
778906,90,,12950
778907,90,,324
778908,77,EW-05,11024
778909,90,,13150
778910,90,,3850
778911,90,,600
778912,90,,224
778913,90,,10400
778914,90,,1276
778915,90,,10676
778916,90,,3050
778917,90,,550
778918,82,NS-02,10800
778919,90,,550
778920,90,,10800
778921,90,,9250
778922,90,,10476
778923,90,,8276
778924,90,,800
778925,90,,8976
778926,90,,13450
778927,90,,5600
778928,90,,12976
778929,90,,1250
778930,90,,350
778931,90,,476
778932,90,,4124
778933,90,,1004
778934,90,,10000
778935,90,,3050
778936,90,,4776
778937,90,,12276
778938,90,,100
778939,90,,3676
778940,90,,7550
778941,82,NS-02,18300
778942,78,EW-06,8976
778943,90,,2224
778944,90,,14184
778945,90,,2324
778946,90,,1250
778947,90,,7924
778948,90,,5050
778949,90,,1150
778950,90,,2576
778951,77,EW-05,3376
778952,76,EW-04,1950
778953,90,,1950
778954,90,,1650
778955,90,,2900
778956,90,,524
778957,90,,1450
778958,90,,1524
778959,90,,10550
778960,90,,13000
778961,90,,176
778962,90,,324
778963,90,,1900
778964,90,,5076
778965,90,,2050
778966,90,,776
778967,90,,23000
778968,90,,2300
778969,90,,8150
778970,90,,5300
778971,82,NS-02,23306
778972,90,,200
778973,90,,4700
778974,90,,8924
778975,90,,9400
778976,90,,5900
778977,90,,1400
778978,90,,12150
778979,90,,5300
778980,90,,14000
778981,90,,1876
778982,90,,476
778983,90,,424
778984,90,,2024
778985,90,,2300
778986,90,,1800
778987,90,,2350
778988,90,,3000
778989,90,,550
778990,90,,124
778991,90,,776
778992,90,,950
778993,90,,624
778994,90,,3324
778995,90,,1250
778996,90,,4000
778997,90,,9200
778998,90,,400
778999,90,,500
779000,79,EW-07,10000
779001,90,,5776
779002,90,,14576
779003,90,,750
779004,90,,4076
779005,90,,4000
779006,90,,1824
779007,90,,424
779008,90,,700
779009,90,,550
779010,90,,1200
779011,90,,11424
779012,90,,8824
779013,90,,4300
779014,90,,23076
779015,90,,3876
779016,90,,6350
779017,90,,30600
779018,90,,11476
779019,90,,1424
779020,90,,23050
779021,90,,16076
779022,90,,1000
779023,90,,2950
779024,90,,13960
779025,90,,1400
779026,90,,1876
779027,90,,1324
779028,90,,1850
779029,90,,1524
779030,90,,9750
779031,90,,9250
779032,90,,7676
779033,90,,1776
779034,90,,4150
779035,90,,19224
779036,90,,19524
779037,90,,5650
779038,90,,6824
779039,76,EW-04,17176
779040,90,,15776
779041,90,,1424
779042,90,,1100
779043,90,,16524
779044,90,,14000
779045,90,,3150
779046,90,,13600
779047,90,,7850
779048,90,,524
779049,90,,5476
779050,90,,24000
779051,90,,22000
779052,90,,1550
779053,90,,1850
779054,90,,350
779055,90,,1276
779056,90,,2500
779057,90,,7750
779058,90,,1550
779059,90,,7600
779060,90,,4750
779061,90,,24
779062,90,,2550
779063,90,,150
779064,90,,1976
779065,90,,1076
779066,90,,850
779067,90,,1324
779068,90,,200
779069,90,,1576
779070,90,,850
779071,73,EW-01,2876
779072,90,,2724
779073,90,,5800
779074,90,,2376
779075,90,,9176
779076,90,,10550
779077,90,,3050
779078,90,,5600
779079,90,,27000
779080,90,,976
779081,90,,2900
779082,90,,2850
779083,90,,4878
779084,90,,2300
779085,90,,2024
779086,90,,1124
779087,90,,1724
779088,90,,800
779089,90,,4800
779090,90,,6924
779091,90,,9076
779092,90,,25000
779093,90,,11600
779094,90,,4800
779095,90,,550
779096,90,,4824
779097,75,EW-03,11666
779098,90,,1724
779099,90,,17200
779100,90,,9376
779101,90,,124
779102,90,,3276
779103,90,,13100
779104,90,,450
779105,90,,324
779106,78,EW-06,1500
779107,90,,350
779108,90,,8650
779109,90,,17224
779110,90,,9200
779111,90,,12224
779112,90,,10576
779113,90,,9150
779114,90,,3476
779115,90,,3700
779116,90,,11400
779117,77,EW-05,8650
779118,90,,7624
779119,90,,5250
779120,76,EW-04,6424
779121,90,,1250
779122,90,,6000
779123,90,,6150
779124,90,,3500
779125,90,,9800
779126,90,,2624
779127,90,,5200
779128,90,,7900
779129,90,,9350
779130,90,,550
779131,90,,176
779132,90,,6424
779133,90,,5500
779134,90,,24000
779135,90,,2476
779136,90,,21000
779137,90,,1424
779138,90,,2500
779139,90,,14776
779140,90,,1124
779141,90,,3776
779142,90,,550
779143,90,,18150
779144,90,,2050
779145,77,EW-05,9124
779146,90,,22600
779147,90,,8276
779148,76,EW-04,6926
779149,90,,4050
779150,90,,8600
779151,90,,4176
779152,78,EW-06,12100
779153,90,,2050
779154,90,,6024
779155,90,,18324
779156,90,,2800
779157,90,,1700
779158,90,,20224
779159,90,,424
779160,90,,6100
779161,90,,16450
779162,90,,1800
779163,90,,410
779164,90,,1100
779165,90,,4450
779166,79,EW-07,1576
779167,90,,450
779168,90,,1200
779169,90,,1224
779170,90,,2150
779171,90,,850
779172,90,,3750
779173,90,,9400
779174,90,,18546
779175,90,,9676
779176,90,,1850
779177,90,,10600
779178,90,,5824
779179,90,,1850
779180,90,,10100
779181,90,,1376
779182,90,,624
779183,90,,1976
779184,90,,876
779185,90,,7200
779186,90,,8200
779187,90,,8800
779188,90,,11924
779189,90,,7624
779190,90,,10424
779191,90,,16600
779192,90,,4176
779193,90,,16000
779194,90,,2150
779195,90,,1450
779196,90,,27000
779197,90,,500
779198,90,,16576
779199,90,,2500
779200,90,,6150
779201,90,,16200
779202,90,,13924
779203,90,,11524
779204,90,,8600
779205,90,,5900
779206,90,,4524
779207,90,,7600
779208,78,EW-06,13050
779209,90,,4124
779210,90,,11324
779211,90,,13350
779212,90,,14100
779213,90,,6200
779214,90,,18300
779215,90,,8700
779216,90,,23876
779217,90,,27676
779218,90,,10250
779219,90,,27300
779220,90,,30000
779221,90,,29976
779222,90,,2900
779223,77,EW-05,34760
779224,90,,2076
779225,90,,8300
779226,79,EW-07,11000
779227,83,NS-03,3750
779228,90,,424
779229,90,,1900
779230,90,,1276
779231,83,NS-03,150
779232,90,,14000
779233,83,NS-03,1424
779234,83,NS-03,824
779235,90,,16000
779236,90,,2576
779237,90,,3400
779238,90,,1950
779239,90,,1576
779240,90,,17000
779241,90,,27000
779242,90,,12576
779243,90,,27000
779244,83,NS-03,13324
779245,83,NS-03,3876
779246,90,,9176
779247,90,,33000
779248,90,,31000
779249,90,,16000
779250,90,,36000
779251,90,,41000
779252,90,,43000
779253,83,NS-03,5376
779254,78,EW-06,38000
779255,90,,950
779256,83,NS-03,16976
779257,90,,43000
779258,83,NS-03,9124
779259,90,,576
779260,90,,40000
779261,90,,1500
779262,83,NS-03,4876
779263,73,EW-01,1976
779264,83,NS-03,6324
779265,90,,43000
779266,90,,41000
779267,83,NS-03,8224
779268,90,,43000
779269,90,,40000
779270,77,EW-05,45000
779271,90,,26000
779272,90,,37000
779273,90,,19000
779274,90,,21000
779275,90,,25000
779276,90,,1224
779277,90,,950
779278,90,,10276
779279,90,,250
779280,90,,476
779281,90,,1376
779282,83,NS-03,6924
779283,77,EW-05,2000
779284,75,EW-03,8766
779285,90,,1800
779286,90,,5050
779287,90,,7176
779288,90,,8376
779289,90,,9324
779290,90,,10600
779291,90,,8650
779292,90,,8024
779293,90,,4676
779294,90,,6450
779295,90,,7724
779296,90,,7424
779297,90,,124
779298,90,,1100
779299,90,,940
779300,90,,6700
779301,90,,350
779302,90,,700
779303,90,,8476
779304,90,,4600
779305,90,,3450
779306,90,,16500
779307,77,EW-05,4340
779308,90,,16050
779309,90,,20950
779310,90,,20800
779311,90,,15700
779312,90,,20800
779313,90,,20800
779314,90,,12924
779315,90,,800
,,,
